DateKey,Day Name,Day,Day of Week,Day of Year,Month,Month Name,Quarter,Week of Month,Week of Year,Year,IsLast6month,FullDateAlternateKey
20140101,Wednesday,1,2,1,1,January,1,1,1,2014,FALSE,2014-01-01 00:00:00
20140102,Thursday,2,3,2,1,January,1,1,1,2014,FALSE,2014-01-02 00:00:00
20140103,Friday,3,4,3,1,January,1,1,1,2014,FALSE,2014-01-03 00:00:00
20140104,Saturday,4,5,4,1,January,1,1,1,2014,FALSE,2014-01-04 00:00:00
20140105,Sunday,5,6,5,1,January,1,1,1,2014,FALSE,2014-01-05 00:00:00
20140106,Monday,6,0,6,1,January,1,2,2,2014,FALSE,2014-01-06 00:00:00
20140107,Tuesday,7,1,7,1,January,1,2,2,2014,FALSE,2014-01-07 00:00:00
20140108,Wednesday,8,2,8,1,January,1,2,2,2014,FALSE,2014-01-08 00:00:00
20140109,Thursday,9,3,9,1,January,1,2,2,2014,FALSE,2014-01-09 00:00:00
20140110,Friday,10,4,10,1,January,1,2,2,2014,FALSE,2014-01-10 00:00:00
20140111,Saturday,11,5,11,1,January,1,2,2,2014,FALSE,2014-01-11 00:00:00
20140112,Sunday,12,6,12,1,January,1,2,2,2014,FALSE,2014-01-12 00:00:00
20140113,Monday,13,0,13,1,January,1,3,3,2014,FALSE,2014-01-13 00:00:00
20140114,Tuesday,14,1,14,1,January,1,3,3,2014,FALSE,2014-01-14 00:00:00
20140115,Wednesday,15,2,15,1,January,1,3,3,2014,FALSE,2014-01-15 00:00:00
20140116,Thursday,16,3,16,1,January,1,3,3,2014,FALSE,2014-01-16 00:00:00
20140117,Friday,17,4,17,1,January,1,3,3,2014,FALSE,2014-01-17 00:00:00
20140118,Saturday,18,5,18,1,January,1,3,3,2014,FALSE,2014-01-18 00:00:00
20140119,Sunday,19,6,19,1,January,1,3,3,2014,FALSE,2014-01-19 00:00:00
20140120,Monday,20,0,20,1,January,1,4,4,2014,FALSE,2014-01-20 00:00:00
20140121,Tuesday,21,1,21,1,January,1,4,4,2014,FALSE,2014-01-21 00:00:00
20140122,Wednesday,22,2,22,1,January,1,4,4,2014,FALSE,2014-01-22 00:00:00
20140123,Thursday,23,3,23,1,January,1,4,4,2014,FALSE,2014-01-23 00:00:00
20140124,Friday,24,4,24,1,January,1,4,4,2014,FALSE,2014-01-24 00:00:00
20140125,Saturday,25,5,25,1,January,1,4,4,2014,FALSE,2014-01-25 00:00:00
20140126,Sunday,26,6,26,1,January,1,4,4,2014,FALSE,2014-01-26 00:00:00
20140127,Monday,27,0,27,1,January,1,5,5,2014,FALSE,2014-01-27 00:00:00
20140128,Tuesday,28,1,28,1,January,1,5,5,2014,FALSE,2014-01-28 00:00:00
20140129,Wednesday,29,2,29,1,January,1,5,5,2014,FALSE,2014-01-29 00:00:00
20140130,Thursday,30,3,30,1,January,1,5,5,2014,FALSE,2014-01-30 00:00:00
20140131,Friday,31,4,31,1,January,1,5,5,2014,FALSE,2014-01-31 00:00:00
20140201,Saturday,1,5,32,2,February,1,1,5,2014,FALSE,2014-02-01 00:00:00
20140202,Sunday,2,6,33,2,February,1,1,5,2014,FALSE,2014-02-02 00:00:00
20140203,Monday,3,0,34,2,February,1,2,6,2014,FALSE,2014-02-03 00:00:00
20140204,Tuesday,4,1,35,2,February,1,2,6,2014,FALSE,2014-02-04 00:00:00
20140205,Wednesday,5,2,36,2,February,1,2,6,2014,FALSE,2014-02-05 00:00:00
20140206,Thursday,6,3,37,2,February,1,2,6,2014,FALSE,2014-02-06 00:00:00
20140207,Friday,7,4,38,2,February,1,2,6,2014,FALSE,2014-02-07 00:00:00
20140208,Saturday,8,5,39,2,February,1,2,6,2014,FALSE,2014-02-08 00:00:00
20140209,Sunday,9,6,40,2,February,1,2,6,2014,FALSE,2014-02-09 00:00:00
20140210,Monday,10,0,41,2,February,1,3,7,2014,FALSE,2014-02-10 00:00:00
20140211,Tuesday,11,1,42,2,February,1,3,7,2014,FALSE,2014-02-11 00:00:00
20140212,Wednesday,12,2,43,2,February,1,3,7,2014,FALSE,2014-02-12 00:00:00
20140213,Thursday,13,3,44,2,February,1,3,7,2014,FALSE,2014-02-13 00:00:00
20140214,Friday,14,4,45,2,February,1,3,7,2014,FALSE,2014-02-14 00:00:00
20140215,Saturday,15,5,46,2,February,1,3,7,2014,FALSE,2014-02-15 00:00:00
20140216,Sunday,16,6,47,2,February,1,3,7,2014,FALSE,2014-02-16 00:00:00
20140217,Monday,17,0,48,2,February,1,4,8,2014,FALSE,2014-02-17 00:00:00
20140218,Tuesday,18,1,49,2,February,1,4,8,2014,FALSE,2014-02-18 00:00:00
20140219,Wednesday,19,2,50,2,February,1,4,8,2014,FALSE,2014-02-19 00:00:00
20140220,Thursday,20,3,51,2,February,1,4,8,2014,FALSE,2014-02-20 00:00:00
20140221,Friday,21,4,52,2,February,1,4,8,2014,FALSE,2014-02-21 00:00:00
20140222,Saturday,22,5,53,2,February,1,4,8,2014,FALSE,2014-02-22 00:00:00
20140223,Sunday,23,6,54,2,February,1,4,8,2014,FALSE,2014-02-23 00:00:00
20140224,Monday,24,0,55,2,February,1,5,9,2014,FALSE,2014-02-24 00:00:00
20140225,Tuesday,25,1,56,2,February,1,5,9,2014,FALSE,2014-02-25 00:00:00
20140226,Wednesday,26,2,57,2,February,1,5,9,2014,FALSE,2014-02-26 00:00:00
20140227,Thursday,27,3,58,2,February,1,5,9,2014,FALSE,2014-02-27 00:00:00
20140228,Friday,28,4,59,2,February,1,5,9,2014,FALSE,2014-02-28 00:00:00
20140301,Saturday,1,5,60,3,March,1,1,9,2014,FALSE,2014-03-01 00:00:00
20140302,Sunday,2,6,61,3,March,1,1,9,2014,FALSE,2014-03-02 00:00:00
20140303,Monday,3,0,62,3,March,1,2,10,2014,FALSE,2014-03-03 00:00:00
20140304,Tuesday,4,1,63,3,March,1,2,10,2014,FALSE,2014-03-04 00:00:00
20140305,Wednesday,5,2,64,3,March,1,2,10,2014,FALSE,2014-03-05 00:00:00
20140306,Thursday,6,3,65,3,March,1,2,10,2014,FALSE,2014-03-06 00:00:00
20140307,Friday,7,4,66,3,March,1,2,10,2014,FALSE,2014-03-07 00:00:00
20140308,Saturday,8,5,67,3,March,1,2,10,2014,FALSE,2014-03-08 00:00:00
20140309,Sunday,9,6,68,3,March,1,2,10,2014,FALSE,2014-03-09 00:00:00
20140310,Monday,10,0,69,3,March,1,3,11,2014,FALSE,2014-03-10 00:00:00
20140311,Tuesday,11,1,70,3,March,1,3,11,2014,FALSE,2014-03-11 00:00:00
20140312,Wednesday,12,2,71,3,March,1,3,11,2014,FALSE,2014-03-12 00:00:00
20140313,Thursday,13,3,72,3,March,1,3,11,2014,FALSE,2014-03-13 00:00:00
20140314,Friday,14,4,73,3,March,1,3,11,2014,FALSE,2014-03-14 00:00:00
20140315,Saturday,15,5,74,3,March,1,3,11,2014,FALSE,2014-03-15 00:00:00
20140316,Sunday,16,6,75,3,March,1,3,11,2014,FALSE,2014-03-16 00:00:00
20140317,Monday,17,0,76,3,March,1,4,12,2014,FALSE,2014-03-17 00:00:00
20140318,Tuesday,18,1,77,3,March,1,4,12,2014,FALSE,2014-03-18 00:00:00
20140319,Wednesday,19,2,78,3,March,1,4,12,2014,FALSE,2014-03-19 00:00:00
20140320,Thursday,20,3,79,3,March,1,4,12,2014,FALSE,2014-03-20 00:00:00
20140321,Friday,21,4,80,3,March,1,4,12,2014,FALSE,2014-03-21 00:00:00
20140322,Saturday,22,5,81,3,March,1,4,12,2014,FALSE,2014-03-22 00:00:00
20140323,Sunday,23,6,82,3,March,1,4,12,2014,FALSE,2014-03-23 00:00:00
20140324,Monday,24,0,83,3,March,1,5,13,2014,FALSE,2014-03-24 00:00:00
20140325,Tuesday,25,1,84,3,March,1,5,13,2014,FALSE,2014-03-25 00:00:00
20140326,Wednesday,26,2,85,3,March,1,5,13,2014,FALSE,2014-03-26 00:00:00
20140327,Thursday,27,3,86,3,March,1,5,13,2014,FALSE,2014-03-27 00:00:00
20140328,Friday,28,4,87,3,March,1,5,13,2014,FALSE,2014-03-28 00:00:00
20140329,Saturday,29,5,88,3,March,1,5,13,2014,FALSE,2014-03-29 00:00:00
20140330,Sunday,30,6,89,3,March,1,5,13,2014,FALSE,2014-03-30 00:00:00
20140331,Monday,31,0,90,3,March,1,6,14,2014,FALSE,2014-03-31 00:00:00
20140401,Tuesday,1,1,91,4,April,2,1,14,2014,FALSE,2014-04-01 00:00:00
20140402,Wednesday,2,2,92,4,April,2,1,14,2014,FALSE,2014-04-02 00:00:00
20140403,Thursday,3,3,93,4,April,2,1,14,2014,FALSE,2014-04-03 00:00:00
20140404,Friday,4,4,94,4,April,2,1,14,2014,FALSE,2014-04-04 00:00:00
20140405,Saturday,5,5,95,4,April,2,1,14,2014,FALSE,2014-04-05 00:00:00
20140406,Sunday,6,6,96,4,April,2,1,14,2014,FALSE,2014-04-06 00:00:00
20140407,Monday,7,0,97,4,April,2,2,15,2014,FALSE,2014-04-07 00:00:00
20140408,Tuesday,8,1,98,4,April,2,2,15,2014,FALSE,2014-04-08 00:00:00
20140409,Wednesday,9,2,99,4,April,2,2,15,2014,FALSE,2014-04-09 00:00:00
20140410,Thursday,10,3,100,4,April,2,2,15,2014,FALSE,2014-04-10 00:00:00
20140411,Friday,11,4,101,4,April,2,2,15,2014,FALSE,2014-04-11 00:00:00
20140412,Saturday,12,5,102,4,April,2,2,15,2014,FALSE,2014-04-12 00:00:00
20140413,Sunday,13,6,103,4,April,2,2,15,2014,FALSE,2014-04-13 00:00:00
20140414,Monday,14,0,104,4,April,2,3,16,2014,FALSE,2014-04-14 00:00:00
20140415,Tuesday,15,1,105,4,April,2,3,16,2014,FALSE,2014-04-15 00:00:00
20140416,Wednesday,16,2,106,4,April,2,3,16,2014,FALSE,2014-04-16 00:00:00
20140417,Thursday,17,3,107,4,April,2,3,16,2014,FALSE,2014-04-17 00:00:00
20140418,Friday,18,4,108,4,April,2,3,16,2014,FALSE,2014-04-18 00:00:00
20140419,Saturday,19,5,109,4,April,2,3,16,2014,FALSE,2014-04-19 00:00:00
20140420,Sunday,20,6,110,4,April,2,3,16,2014,FALSE,2014-04-20 00:00:00
20140421,Monday,21,0,111,4,April,2,4,17,2014,FALSE,2014-04-21 00:00:00
20140422,Tuesday,22,1,112,4,April,2,4,17,2014,FALSE,2014-04-22 00:00:00
20140423,Wednesday,23,2,113,4,April,2,4,17,2014,FALSE,2014-04-23 00:00:00
20140424,Thursday,24,3,114,4,April,2,4,17,2014,FALSE,2014-04-24 00:00:00
20140425,Friday,25,4,115,4,April,2,4,17,2014,FALSE,2014-04-25 00:00:00
20140426,Saturday,26,5,116,4,April,2,4,17,2014,FALSE,2014-04-26 00:00:00
20140427,Sunday,27,6,117,4,April,2,4,17,2014,FALSE,2014-04-27 00:00:00
20140428,Monday,28,0,118,4,April,2,5,18,2014,FALSE,2014-04-28 00:00:00
20140429,Tuesday,29,1,119,4,April,2,5,18,2014,FALSE,2014-04-29 00:00:00
20140430,Wednesday,30,2,120,4,April,2,5,18,2014,FALSE,2014-04-30 00:00:00
20140501,Thursday,1,3,121,5,May,2,1,18,2014,FALSE,2014-05-01 00:00:00
20140502,Friday,2,4,122,5,May,2,1,18,2014,FALSE,2014-05-02 00:00:00
20140503,Saturday,3,5,123,5,May,2,1,18,2014,FALSE,2014-05-03 00:00:00
20140504,Sunday,4,6,124,5,May,2,1,18,2014,FALSE,2014-05-04 00:00:00
20140505,Monday,5,0,125,5,May,2,2,19,2014,FALSE,2014-05-05 00:00:00
20140506,Tuesday,6,1,126,5,May,2,2,19,2014,FALSE,2014-05-06 00:00:00
20140507,Wednesday,7,2,127,5,May,2,2,19,2014,FALSE,2014-05-07 00:00:00
20140508,Thursday,8,3,128,5,May,2,2,19,2014,FALSE,2014-05-08 00:00:00
20140509,Friday,9,4,129,5,May,2,2,19,2014,FALSE,2014-05-09 00:00:00
20140510,Saturday,10,5,130,5,May,2,2,19,2014,FALSE,2014-05-10 00:00:00
20140511,Sunday,11,6,131,5,May,2,2,19,2014,FALSE,2014-05-11 00:00:00
20140512,Monday,12,0,132,5,May,2,3,20,2014,FALSE,2014-05-12 00:00:00
20140513,Tuesday,13,1,133,5,May,2,3,20,2014,FALSE,2014-05-13 00:00:00
20140514,Wednesday,14,2,134,5,May,2,3,20,2014,FALSE,2014-05-14 00:00:00
20140515,Thursday,15,3,135,5,May,2,3,20,2014,FALSE,2014-05-15 00:00:00
20140516,Friday,16,4,136,5,May,2,3,20,2014,FALSE,2014-05-16 00:00:00
20140517,Saturday,17,5,137,5,May,2,3,20,2014,FALSE,2014-05-17 00:00:00
20140518,Sunday,18,6,138,5,May,2,3,20,2014,FALSE,2014-05-18 00:00:00
20140519,Monday,19,0,139,5,May,2,4,21,2014,FALSE,2014-05-19 00:00:00
20140520,Tuesday,20,1,140,5,May,2,4,21,2014,FALSE,2014-05-20 00:00:00
20140521,Wednesday,21,2,141,5,May,2,4,21,2014,FALSE,2014-05-21 00:00:00
20140522,Thursday,22,3,142,5,May,2,4,21,2014,FALSE,2014-05-22 00:00:00
20140523,Friday,23,4,143,5,May,2,4,21,2014,FALSE,2014-05-23 00:00:00
20140524,Saturday,24,5,144,5,May,2,4,21,2014,FALSE,2014-05-24 00:00:00
20140525,Sunday,25,6,145,5,May,2,4,21,2014,FALSE,2014-05-25 00:00:00
20140526,Monday,26,0,146,5,May,2,5,22,2014,FALSE,2014-05-26 00:00:00
20140527,Tuesday,27,1,147,5,May,2,5,22,2014,FALSE,2014-05-27 00:00:00
20140528,Wednesday,28,2,148,5,May,2,5,22,2014,FALSE,2014-05-28 00:00:00
20140529,Thursday,29,3,149,5,May,2,5,22,2014,FALSE,2014-05-29 00:00:00
20140530,Friday,30,4,150,5,May,2,5,22,2014,FALSE,2014-05-30 00:00:00
20140531,Saturday,31,5,151,5,May,2,5,22,2014,FALSE,2014-05-31 00:00:00
20140601,Sunday,1,6,152,6,June,2,1,22,2014,FALSE,2014-06-01 00:00:00
20140602,Monday,2,0,153,6,June,2,2,23,2014,FALSE,2014-06-02 00:00:00
20140603,Tuesday,3,1,154,6,June,2,2,23,2014,FALSE,2014-06-03 00:00:00
20140604,Wednesday,4,2,155,6,June,2,2,23,2014,FALSE,2014-06-04 00:00:00
20140605,Thursday,5,3,156,6,June,2,2,23,2014,FALSE,2014-06-05 00:00:00
20140606,Friday,6,4,157,6,June,2,2,23,2014,FALSE,2014-06-06 00:00:00
20140607,Saturday,7,5,158,6,June,2,2,23,2014,FALSE,2014-06-07 00:00:00
20140608,Sunday,8,6,159,6,June,2,2,23,2014,FALSE,2014-06-08 00:00:00
20140609,Monday,9,0,160,6,June,2,3,24,2014,FALSE,2014-06-09 00:00:00
20140610,Tuesday,10,1,161,6,June,2,3,24,2014,FALSE,2014-06-10 00:00:00
20140611,Wednesday,11,2,162,6,June,2,3,24,2014,FALSE,2014-06-11 00:00:00
20140612,Thursday,12,3,163,6,June,2,3,24,2014,FALSE,2014-06-12 00:00:00
20140613,Friday,13,4,164,6,June,2,3,24,2014,FALSE,2014-06-13 00:00:00
20140614,Saturday,14,5,165,6,June,2,3,24,2014,FALSE,2014-06-14 00:00:00
20140615,Sunday,15,6,166,6,June,2,3,24,2014,FALSE,2014-06-15 00:00:00
20140616,Monday,16,0,167,6,June,2,4,25,2014,FALSE,2014-06-16 00:00:00
20140617,Tuesday,17,1,168,6,June,2,4,25,2014,FALSE,2014-06-17 00:00:00
20140618,Wednesday,18,2,169,6,June,2,4,25,2014,FALSE,2014-06-18 00:00:00
20140619,Thursday,19,3,170,6,June,2,4,25,2014,FALSE,2014-06-19 00:00:00
20140620,Friday,20,4,171,6,June,2,4,25,2014,FALSE,2014-06-20 00:00:00
20140621,Saturday,21,5,172,6,June,2,4,25,2014,FALSE,2014-06-21 00:00:00
20140622,Sunday,22,6,173,6,June,2,4,25,2014,FALSE,2014-06-22 00:00:00
20140623,Monday,23,0,174,6,June,2,5,26,2014,FALSE,2014-06-23 00:00:00
20140624,Tuesday,24,1,175,6,June,2,5,26,2014,FALSE,2014-06-24 00:00:00
20140625,Wednesday,25,2,176,6,June,2,5,26,2014,FALSE,2014-06-25 00:00:00
20140626,Thursday,26,3,177,6,June,2,5,26,2014,FALSE,2014-06-26 00:00:00
20140627,Friday,27,4,178,6,June,2,5,26,2014,FALSE,2014-06-27 00:00:00
20140628,Saturday,28,5,179,6,June,2,5,26,2014,FALSE,2014-06-28 00:00:00
20140629,Sunday,29,6,180,6,June,2,5,26,2014,FALSE,2014-06-29 00:00:00
20140630,Monday,30,0,181,6,June,2,6,27,2014,FALSE,2014-06-30 00:00:00
20140701,Tuesday,1,1,182,7,July,3,1,27,2014,FALSE,2014-07-01 00:00:00
20140702,Wednesday,2,2,183,7,July,3,1,27,2014,FALSE,2014-07-02 00:00:00
20140703,Thursday,3,3,184,7,July,3,1,27,2014,FALSE,2014-07-03 00:00:00
20140704,Friday,4,4,185,7,July,3,1,27,2014,FALSE,2014-07-04 00:00:00
20140705,Saturday,5,5,186,7,July,3,1,27,2014,FALSE,2014-07-05 00:00:00
20140706,Sunday,6,6,187,7,July,3,1,27,2014,FALSE,2014-07-06 00:00:00
20140707,Monday,7,0,188,7,July,3,2,28,2014,FALSE,2014-07-07 00:00:00
20140708,Tuesday,8,1,189,7,July,3,2,28,2014,FALSE,2014-07-08 00:00:00
20140709,Wednesday,9,2,190,7,July,3,2,28,2014,FALSE,2014-07-09 00:00:00
20140710,Thursday,10,3,191,7,July,3,2,28,2014,FALSE,2014-07-10 00:00:00
20140711,Friday,11,4,192,7,July,3,2,28,2014,FALSE,2014-07-11 00:00:00
20140712,Saturday,12,5,193,7,July,3,2,28,2014,FALSE,2014-07-12 00:00:00
20140713,Sunday,13,6,194,7,July,3,2,28,2014,FALSE,2014-07-13 00:00:00
20140714,Monday,14,0,195,7,July,3,3,29,2014,FALSE,2014-07-14 00:00:00
20140715,Tuesday,15,1,196,7,July,3,3,29,2014,FALSE,2014-07-15 00:00:00
20140716,Wednesday,16,2,197,7,July,3,3,29,2014,FALSE,2014-07-16 00:00:00
20140717,Thursday,17,3,198,7,July,3,3,29,2014,FALSE,2014-07-17 00:00:00
20140718,Friday,18,4,199,7,July,3,3,29,2014,FALSE,2014-07-18 00:00:00
20140719,Saturday,19,5,200,7,July,3,3,29,2014,FALSE,2014-07-19 00:00:00
20140720,Sunday,20,6,201,7,July,3,3,29,2014,FALSE,2014-07-20 00:00:00
20140721,Monday,21,0,202,7,July,3,4,30,2014,FALSE,2014-07-21 00:00:00
20140722,Tuesday,22,1,203,7,July,3,4,30,2014,FALSE,2014-07-22 00:00:00
20140723,Wednesday,23,2,204,7,July,3,4,30,2014,FALSE,2014-07-23 00:00:00
20140724,Thursday,24,3,205,7,July,3,4,30,2014,FALSE,2014-07-24 00:00:00
20140725,Friday,25,4,206,7,July,3,4,30,2014,FALSE,2014-07-25 00:00:00
20140726,Saturday,26,5,207,7,July,3,4,30,2014,FALSE,2014-07-26 00:00:00
20140727,Sunday,27,6,208,7,July,3,4,30,2014,FALSE,2014-07-27 00:00:00
20140728,Monday,28,0,209,7,July,3,5,31,2014,FALSE,2014-07-28 00:00:00
20140729,Tuesday,29,1,210,7,July,3,5,31,2014,FALSE,2014-07-29 00:00:00
20140730,Wednesday,30,2,211,7,July,3,5,31,2014,FALSE,2014-07-30 00:00:00
20140731,Thursday,31,3,212,7,July,3,5,31,2014,FALSE,2014-07-31 00:00:00
20140801,Friday,1,4,213,8,August,3,1,31,2014,FALSE,2014-08-01 00:00:00
20140802,Saturday,2,5,214,8,August,3,1,31,2014,FALSE,2014-08-02 00:00:00
20140803,Sunday,3,6,215,8,August,3,1,31,2014,FALSE,2014-08-03 00:00:00
20140804,Monday,4,0,216,8,August,3,2,32,2014,FALSE,2014-08-04 00:00:00
20140805,Tuesday,5,1,217,8,August,3,2,32,2014,FALSE,2014-08-05 00:00:00
20140806,Wednesday,6,2,218,8,August,3,2,32,2014,FALSE,2014-08-06 00:00:00
20140807,Thursday,7,3,219,8,August,3,2,32,2014,FALSE,2014-08-07 00:00:00
20140808,Friday,8,4,220,8,August,3,2,32,2014,FALSE,2014-08-08 00:00:00
20140809,Saturday,9,5,221,8,August,3,2,32,2014,FALSE,2014-08-09 00:00:00
20140810,Sunday,10,6,222,8,August,3,2,32,2014,FALSE,2014-08-10 00:00:00
20140811,Monday,11,0,223,8,August,3,3,33,2014,FALSE,2014-08-11 00:00:00
20140812,Tuesday,12,1,224,8,August,3,3,33,2014,FALSE,2014-08-12 00:00:00
20140813,Wednesday,13,2,225,8,August,3,3,33,2014,FALSE,2014-08-13 00:00:00
20140814,Thursday,14,3,226,8,August,3,3,33,2014,FALSE,2014-08-14 00:00:00
20140815,Friday,15,4,227,8,August,3,3,33,2014,FALSE,2014-08-15 00:00:00
20140816,Saturday,16,5,228,8,August,3,3,33,2014,FALSE,2014-08-16 00:00:00
20140817,Sunday,17,6,229,8,August,3,3,33,2014,FALSE,2014-08-17 00:00:00
20140818,Monday,18,0,230,8,August,3,4,34,2014,FALSE,2014-08-18 00:00:00
20140819,Tuesday,19,1,231,8,August,3,4,34,2014,FALSE,2014-08-19 00:00:00
20140820,Wednesday,20,2,232,8,August,3,4,34,2014,FALSE,2014-08-20 00:00:00
20140821,Thursday,21,3,233,8,August,3,4,34,2014,FALSE,2014-08-21 00:00:00
20140822,Friday,22,4,234,8,August,3,4,34,2014,FALSE,2014-08-22 00:00:00
20140823,Saturday,23,5,235,8,August,3,4,34,2014,FALSE,2014-08-23 00:00:00
20140824,Sunday,24,6,236,8,August,3,4,34,2014,FALSE,2014-08-24 00:00:00
20140825,Monday,25,0,237,8,August,3,5,35,2014,FALSE,2014-08-25 00:00:00
20140826,Tuesday,26,1,238,8,August,3,5,35,2014,FALSE,2014-08-26 00:00:00
20140827,Wednesday,27,2,239,8,August,3,5,35,2014,FALSE,2014-08-27 00:00:00
20140828,Thursday,28,3,240,8,August,3,5,35,2014,FALSE,2014-08-28 00:00:00
20140829,Friday,29,4,241,8,August,3,5,35,2014,FALSE,2014-08-29 00:00:00
20140830,Saturday,30,5,242,8,August,3,5,35,2014,FALSE,2014-08-30 00:00:00
20140831,Sunday,31,6,243,8,August,3,5,35,2014,FALSE,2014-08-31 00:00:00
20140901,Monday,1,0,244,9,September,3,1,36,2014,FALSE,2014-09-01 00:00:00
20140902,Tuesday,2,1,245,9,September,3,1,36,2014,FALSE,2014-09-02 00:00:00
20140903,Wednesday,3,2,246,9,September,3,1,36,2014,FALSE,2014-09-03 00:00:00
20140904,Thursday,4,3,247,9,September,3,1,36,2014,FALSE,2014-09-04 00:00:00
20140905,Friday,5,4,248,9,September,3,1,36,2014,FALSE,2014-09-05 00:00:00
20140906,Saturday,6,5,249,9,September,3,1,36,2014,FALSE,2014-09-06 00:00:00
20140907,Sunday,7,6,250,9,September,3,1,36,2014,FALSE,2014-09-07 00:00:00
20140908,Monday,8,0,251,9,September,3,2,37,2014,FALSE,2014-09-08 00:00:00
20140909,Tuesday,9,1,252,9,September,3,2,37,2014,FALSE,2014-09-09 00:00:00
20140910,Wednesday,10,2,253,9,September,3,2,37,2014,FALSE,2014-09-10 00:00:00
20140911,Thursday,11,3,254,9,September,3,2,37,2014,FALSE,2014-09-11 00:00:00
20140912,Friday,12,4,255,9,September,3,2,37,2014,FALSE,2014-09-12 00:00:00
20140913,Saturday,13,5,256,9,September,3,2,37,2014,FALSE,2014-09-13 00:00:00
20140914,Sunday,14,6,257,9,September,3,2,37,2014,FALSE,2014-09-14 00:00:00
20140915,Monday,15,0,258,9,September,3,3,38,2014,FALSE,2014-09-15 00:00:00
20140916,Tuesday,16,1,259,9,September,3,3,38,2014,FALSE,2014-09-16 00:00:00
20140917,Wednesday,17,2,260,9,September,3,3,38,2014,FALSE,2014-09-17 00:00:00
20140918,Thursday,18,3,261,9,September,3,3,38,2014,FALSE,2014-09-18 00:00:00
20140919,Friday,19,4,262,9,September,3,3,38,2014,FALSE,2014-09-19 00:00:00
20140920,Saturday,20,5,263,9,September,3,3,38,2014,FALSE,2014-09-20 00:00:00
20140921,Sunday,21,6,264,9,September,3,3,38,2014,FALSE,2014-09-21 00:00:00
20140922,Monday,22,0,265,9,September,3,4,39,2014,FALSE,2014-09-22 00:00:00
20140923,Tuesday,23,1,266,9,September,3,4,39,2014,FALSE,2014-09-23 00:00:00
20140924,Wednesday,24,2,267,9,September,3,4,39,2014,FALSE,2014-09-24 00:00:00
20140925,Thursday,25,3,268,9,September,3,4,39,2014,FALSE,2014-09-25 00:00:00
20140926,Friday,26,4,269,9,September,3,4,39,2014,FALSE,2014-09-26 00:00:00
20140927,Saturday,27,5,270,9,September,3,4,39,2014,FALSE,2014-09-27 00:00:00
20140928,Sunday,28,6,271,9,September,3,4,39,2014,FALSE,2014-09-28 00:00:00
20140929,Monday,29,0,272,9,September,3,5,40,2014,FALSE,2014-09-29 00:00:00
20140930,Tuesday,30,1,273,9,September,3,5,40,2014,FALSE,2014-09-30 00:00:00
20141001,Wednesday,1,2,274,10,October,4,1,40,2014,FALSE,2014-10-01 00:00:00
20141002,Thursday,2,3,275,10,October,4,1,40,2014,FALSE,2014-10-02 00:00:00
20141003,Friday,3,4,276,10,October,4,1,40,2014,FALSE,2014-10-03 00:00:00
20141004,Saturday,4,5,277,10,October,4,1,40,2014,FALSE,2014-10-04 00:00:00
20141005,Sunday,5,6,278,10,October,4,1,40,2014,FALSE,2014-10-05 00:00:00
20141006,Monday,6,0,279,10,October,4,2,41,2014,FALSE,2014-10-06 00:00:00
20141007,Tuesday,7,1,280,10,October,4,2,41,2014,FALSE,2014-10-07 00:00:00
20141008,Wednesday,8,2,281,10,October,4,2,41,2014,FALSE,2014-10-08 00:00:00
20141009,Thursday,9,3,282,10,October,4,2,41,2014,FALSE,2014-10-09 00:00:00
20141010,Friday,10,4,283,10,October,4,2,41,2014,FALSE,2014-10-10 00:00:00
20141011,Saturday,11,5,284,10,October,4,2,41,2014,FALSE,2014-10-11 00:00:00
20141012,Sunday,12,6,285,10,October,4,2,41,2014,FALSE,2014-10-12 00:00:00
20141013,Monday,13,0,286,10,October,4,3,42,2014,FALSE,2014-10-13 00:00:00
20141014,Tuesday,14,1,287,10,October,4,3,42,2014,FALSE,2014-10-14 00:00:00
20141015,Wednesday,15,2,288,10,October,4,3,42,2014,FALSE,2014-10-15 00:00:00
20141016,Thursday,16,3,289,10,October,4,3,42,2014,FALSE,2014-10-16 00:00:00
20141017,Friday,17,4,290,10,October,4,3,42,2014,FALSE,2014-10-17 00:00:00
20141018,Saturday,18,5,291,10,October,4,3,42,2014,FALSE,2014-10-18 00:00:00
20141019,Sunday,19,6,292,10,October,4,3,42,2014,FALSE,2014-10-19 00:00:00
20141020,Monday,20,0,293,10,October,4,4,43,2014,FALSE,2014-10-20 00:00:00
20141021,Tuesday,21,1,294,10,October,4,4,43,2014,FALSE,2014-10-21 00:00:00
20141022,Wednesday,22,2,295,10,October,4,4,43,2014,FALSE,2014-10-22 00:00:00
20141023,Thursday,23,3,296,10,October,4,4,43,2014,FALSE,2014-10-23 00:00:00
20141024,Friday,24,4,297,10,October,4,4,43,2014,FALSE,2014-10-24 00:00:00
20141025,Saturday,25,5,298,10,October,4,4,43,2014,FALSE,2014-10-25 00:00:00
20141026,Sunday,26,6,299,10,October,4,4,43,2014,FALSE,2014-10-26 00:00:00
20141027,Monday,27,0,300,10,October,4,5,44,2014,FALSE,2014-10-27 00:00:00
20141028,Tuesday,28,1,301,10,October,4,5,44,2014,FALSE,2014-10-28 00:00:00
20141029,Wednesday,29,2,302,10,October,4,5,44,2014,FALSE,2014-10-29 00:00:00
20141030,Thursday,30,3,303,10,October,4,5,44,2014,FALSE,2014-10-30 00:00:00
20141031,Friday,31,4,304,10,October,4,5,44,2014,FALSE,2014-10-31 00:00:00
20141101,Saturday,1,5,305,11,November,4,1,44,2014,FALSE,2014-11-01 00:00:00
20141102,Sunday,2,6,306,11,November,4,1,44,2014,FALSE,2014-11-02 00:00:00
20141103,Monday,3,0,307,11,November,4,2,45,2014,FALSE,2014-11-03 00:00:00
20141104,Tuesday,4,1,308,11,November,4,2,45,2014,FALSE,2014-11-04 00:00:00
20141105,Wednesday,5,2,309,11,November,4,2,45,2014,FALSE,2014-11-05 00:00:00
20141106,Thursday,6,3,310,11,November,4,2,45,2014,FALSE,2014-11-06 00:00:00
20141107,Friday,7,4,311,11,November,4,2,45,2014,FALSE,2014-11-07 00:00:00
20141108,Saturday,8,5,312,11,November,4,2,45,2014,FALSE,2014-11-08 00:00:00
20141109,Sunday,9,6,313,11,November,4,2,45,2014,FALSE,2014-11-09 00:00:00
20141110,Monday,10,0,314,11,November,4,3,46,2014,FALSE,2014-11-10 00:00:00
20141111,Tuesday,11,1,315,11,November,4,3,46,2014,FALSE,2014-11-11 00:00:00
20141112,Wednesday,12,2,316,11,November,4,3,46,2014,FALSE,2014-11-12 00:00:00
20141113,Thursday,13,3,317,11,November,4,3,46,2014,FALSE,2014-11-13 00:00:00
20141114,Friday,14,4,318,11,November,4,3,46,2014,FALSE,2014-11-14 00:00:00
20141115,Saturday,15,5,319,11,November,4,3,46,2014,FALSE,2014-11-15 00:00:00
20141116,Sunday,16,6,320,11,November,4,3,46,2014,FALSE,2014-11-16 00:00:00
20141117,Monday,17,0,321,11,November,4,4,47,2014,FALSE,2014-11-17 00:00:00
20141118,Tuesday,18,1,322,11,November,4,4,47,2014,FALSE,2014-11-18 00:00:00
20141119,Wednesday,19,2,323,11,November,4,4,47,2014,FALSE,2014-11-19 00:00:00
20141120,Thursday,20,3,324,11,November,4,4,47,2014,FALSE,2014-11-20 00:00:00
20141121,Friday,21,4,325,11,November,4,4,47,2014,FALSE,2014-11-21 00:00:00
20141122,Saturday,22,5,326,11,November,4,4,47,2014,FALSE,2014-11-22 00:00:00
20141123,Sunday,23,6,327,11,November,4,4,47,2014,FALSE,2014-11-23 00:00:00
20141124,Monday,24,0,328,11,November,4,5,48,2014,FALSE,2014-11-24 00:00:00
20141125,Tuesday,25,1,329,11,November,4,5,48,2014,FALSE,2014-11-25 00:00:00
20141126,Wednesday,26,2,330,11,November,4,5,48,2014,FALSE,2014-11-26 00:00:00
20141127,Thursday,27,3,331,11,November,4,5,48,2014,FALSE,2014-11-27 00:00:00
20141128,Friday,28,4,332,11,November,4,5,48,2014,FALSE,2014-11-28 00:00:00
20141129,Saturday,29,5,333,11,November,4,5,48,2014,FALSE,2014-11-29 00:00:00
20141130,Sunday,30,6,334,11,November,4,5,48,2014,FALSE,2014-11-30 00:00:00
20141201,Monday,1,0,335,12,December,4,1,49,2014,FALSE,2014-12-01 00:00:00
20141202,Tuesday,2,1,336,12,December,4,1,49,2014,FALSE,2014-12-02 00:00:00
20141203,Wednesday,3,2,337,12,December,4,1,49,2014,FALSE,2014-12-03 00:00:00
20141204,Thursday,4,3,338,12,December,4,1,49,2014,FALSE,2014-12-04 00:00:00
20141205,Friday,5,4,339,12,December,4,1,49,2014,FALSE,2014-12-05 00:00:00
20141206,Saturday,6,5,340,12,December,4,1,49,2014,FALSE,2014-12-06 00:00:00
20141207,Sunday,7,6,341,12,December,4,1,49,2014,FALSE,2014-12-07 00:00:00
20141208,Monday,8,0,342,12,December,4,2,50,2014,FALSE,2014-12-08 00:00:00
20141209,Tuesday,9,1,343,12,December,4,2,50,2014,FALSE,2014-12-09 00:00:00
20141210,Wednesday,10,2,344,12,December,4,2,50,2014,FALSE,2014-12-10 00:00:00
20141211,Thursday,11,3,345,12,December,4,2,50,2014,FALSE,2014-12-11 00:00:00
20141212,Friday,12,4,346,12,December,4,2,50,2014,FALSE,2014-12-12 00:00:00
20141213,Saturday,13,5,347,12,December,4,2,50,2014,FALSE,2014-12-13 00:00:00
20141214,Sunday,14,6,348,12,December,4,2,50,2014,FALSE,2014-12-14 00:00:00
20141215,Monday,15,0,349,12,December,4,3,51,2014,FALSE,2014-12-15 00:00:00
20141216,Tuesday,16,1,350,12,December,4,3,51,2014,FALSE,2014-12-16 00:00:00
20141217,Wednesday,17,2,351,12,December,4,3,51,2014,FALSE,2014-12-17 00:00:00
20141218,Thursday,18,3,352,12,December,4,3,51,2014,FALSE,2014-12-18 00:00:00
20141219,Friday,19,4,353,12,December,4,3,51,2014,FALSE,2014-12-19 00:00:00
20141220,Saturday,20,5,354,12,December,4,3,51,2014,FALSE,2014-12-20 00:00:00
20141221,Sunday,21,6,355,12,December,4,3,51,2014,FALSE,2014-12-21 00:00:00
20141222,Monday,22,0,356,12,December,4,4,52,2014,FALSE,2014-12-22 00:00:00
20141223,Tuesday,23,1,357,12,December,4,4,52,2014,FALSE,2014-12-23 00:00:00
20141224,Wednesday,24,2,358,12,December,4,4,52,2014,FALSE,2014-12-24 00:00:00
20141225,Thursday,25,3,359,12,December,4,4,52,2014,FALSE,2014-12-25 00:00:00
20141226,Friday,26,4,360,12,December,4,4,52,2014,FALSE,2014-12-26 00:00:00
20141227,Saturday,27,5,361,12,December,4,4,52,2014,FALSE,2014-12-27 00:00:00
20141228,Sunday,28,6,362,12,December,4,4,52,2014,FALSE,2014-12-28 00:00:00
20141229,Monday,29,0,363,12,December,4,5,53,2014,FALSE,2014-12-29 00:00:00
20141230,Tuesday,30,1,364,12,December,4,5,53,2014,FALSE,2014-12-30 00:00:00
20141231,Wednesday,31,2,365,12,December,4,5,53,2014,FALSE,2014-12-31 00:00:00
20150101,Thursday,1,3,1,1,January,1,1,1,2015,FALSE,2015-01-01 00:00:00
20150102,Friday,2,4,2,1,January,1,1,1,2015,FALSE,2015-01-02 00:00:00
20150103,Saturday,3,5,3,1,January,1,1,1,2015,FALSE,2015-01-03 00:00:00
20150104,Sunday,4,6,4,1,January,1,1,1,2015,FALSE,2015-01-04 00:00:00
20150105,Monday,5,0,5,1,January,1,2,2,2015,FALSE,2015-01-05 00:00:00
20150106,Tuesday,6,1,6,1,January,1,2,2,2015,FALSE,2015-01-06 00:00:00
20150107,Wednesday,7,2,7,1,January,1,2,2,2015,FALSE,2015-01-07 00:00:00
20150108,Thursday,8,3,8,1,January,1,2,2,2015,FALSE,2015-01-08 00:00:00
20150109,Friday,9,4,9,1,January,1,2,2,2015,FALSE,2015-01-09 00:00:00
20150110,Saturday,10,5,10,1,January,1,2,2,2015,FALSE,2015-01-10 00:00:00
20150111,Sunday,11,6,11,1,January,1,2,2,2015,FALSE,2015-01-11 00:00:00
20150112,Monday,12,0,12,1,January,1,3,3,2015,FALSE,2015-01-12 00:00:00
20150113,Tuesday,13,1,13,1,January,1,3,3,2015,FALSE,2015-01-13 00:00:00
20150114,Wednesday,14,2,14,1,January,1,3,3,2015,FALSE,2015-01-14 00:00:00
20150115,Thursday,15,3,15,1,January,1,3,3,2015,FALSE,2015-01-15 00:00:00
20150116,Friday,16,4,16,1,January,1,3,3,2015,FALSE,2015-01-16 00:00:00
20150117,Saturday,17,5,17,1,January,1,3,3,2015,FALSE,2015-01-17 00:00:00
20150118,Sunday,18,6,18,1,January,1,3,3,2015,FALSE,2015-01-18 00:00:00
20150119,Monday,19,0,19,1,January,1,4,4,2015,FALSE,2015-01-19 00:00:00
20150120,Tuesday,20,1,20,1,January,1,4,4,2015,FALSE,2015-01-20 00:00:00
20150121,Wednesday,21,2,21,1,January,1,4,4,2015,FALSE,2015-01-21 00:00:00
20150122,Thursday,22,3,22,1,January,1,4,4,2015,FALSE,2015-01-22 00:00:00
20150123,Friday,23,4,23,1,January,1,4,4,2015,FALSE,2015-01-23 00:00:00
20150124,Saturday,24,5,24,1,January,1,4,4,2015,FALSE,2015-01-24 00:00:00
20150125,Sunday,25,6,25,1,January,1,4,4,2015,FALSE,2015-01-25 00:00:00
20150126,Monday,26,0,26,1,January,1,5,5,2015,FALSE,2015-01-26 00:00:00
20150127,Tuesday,27,1,27,1,January,1,5,5,2015,FALSE,2015-01-27 00:00:00
20150128,Wednesday,28,2,28,1,January,1,5,5,2015,FALSE,2015-01-28 00:00:00
20150129,Thursday,29,3,29,1,January,1,5,5,2015,FALSE,2015-01-29 00:00:00
20150130,Friday,30,4,30,1,January,1,5,5,2015,FALSE,2015-01-30 00:00:00
20150131,Saturday,31,5,31,1,January,1,5,5,2015,FALSE,2015-01-31 00:00:00
20150201,Sunday,1,6,32,2,February,1,1,5,2015,FALSE,2015-02-01 00:00:00
20150202,Monday,2,0,33,2,February,1,2,6,2015,FALSE,2015-02-02 00:00:00
20150203,Tuesday,3,1,34,2,February,1,2,6,2015,FALSE,2015-02-03 00:00:00
20150204,Wednesday,4,2,35,2,February,1,2,6,2015,FALSE,2015-02-04 00:00:00
20150205,Thursday,5,3,36,2,February,1,2,6,2015,FALSE,2015-02-05 00:00:00
20150206,Friday,6,4,37,2,February,1,2,6,2015,FALSE,2015-02-06 00:00:00
20150207,Saturday,7,5,38,2,February,1,2,6,2015,FALSE,2015-02-07 00:00:00
20150208,Sunday,8,6,39,2,February,1,2,6,2015,FALSE,2015-02-08 00:00:00
20150209,Monday,9,0,40,2,February,1,3,7,2015,FALSE,2015-02-09 00:00:00
20150210,Tuesday,10,1,41,2,February,1,3,7,2015,FALSE,2015-02-10 00:00:00
20150211,Wednesday,11,2,42,2,February,1,3,7,2015,FALSE,2015-02-11 00:00:00
20150212,Thursday,12,3,43,2,February,1,3,7,2015,FALSE,2015-02-12 00:00:00
20150213,Friday,13,4,44,2,February,1,3,7,2015,FALSE,2015-02-13 00:00:00
20150214,Saturday,14,5,45,2,February,1,3,7,2015,FALSE,2015-02-14 00:00:00
20150215,Sunday,15,6,46,2,February,1,3,7,2015,FALSE,2015-02-15 00:00:00
20150216,Monday,16,0,47,2,February,1,4,8,2015,FALSE,2015-02-16 00:00:00
20150217,Tuesday,17,1,48,2,February,1,4,8,2015,FALSE,2015-02-17 00:00:00
20150218,Wednesday,18,2,49,2,February,1,4,8,2015,FALSE,2015-02-18 00:00:00
20150219,Thursday,19,3,50,2,February,1,4,8,2015,FALSE,2015-02-19 00:00:00
20150220,Friday,20,4,51,2,February,1,4,8,2015,FALSE,2015-02-20 00:00:00
20150221,Saturday,21,5,52,2,February,1,4,8,2015,FALSE,2015-02-21 00:00:00
20150222,Sunday,22,6,53,2,February,1,4,8,2015,FALSE,2015-02-22 00:00:00
20150223,Monday,23,0,54,2,February,1,5,9,2015,FALSE,2015-02-23 00:00:00
20150224,Tuesday,24,1,55,2,February,1,5,9,2015,FALSE,2015-02-24 00:00:00
20150225,Wednesday,25,2,56,2,February,1,5,9,2015,FALSE,2015-02-25 00:00:00
20150226,Thursday,26,3,57,2,February,1,5,9,2015,FALSE,2015-02-26 00:00:00
20150227,Friday,27,4,58,2,February,1,5,9,2015,FALSE,2015-02-27 00:00:00
20150228,Saturday,28,5,59,2,February,1,5,9,2015,FALSE,2015-02-28 00:00:00
20150301,Sunday,1,6,60,3,March,1,1,9,2015,FALSE,2015-03-01 00:00:00
20150302,Monday,2,0,61,3,March,1,2,10,2015,FALSE,2015-03-02 00:00:00
20150303,Tuesday,3,1,62,3,March,1,2,10,2015,FALSE,2015-03-03 00:00:00
20150304,Wednesday,4,2,63,3,March,1,2,10,2015,FALSE,2015-03-04 00:00:00
20150305,Thursday,5,3,64,3,March,1,2,10,2015,FALSE,2015-03-05 00:00:00
20150306,Friday,6,4,65,3,March,1,2,10,2015,FALSE,2015-03-06 00:00:00
20150307,Saturday,7,5,66,3,March,1,2,10,2015,FALSE,2015-03-07 00:00:00
20150308,Sunday,8,6,67,3,March,1,2,10,2015,FALSE,2015-03-08 00:00:00
20150309,Monday,9,0,68,3,March,1,3,11,2015,FALSE,2015-03-09 00:00:00
20150310,Tuesday,10,1,69,3,March,1,3,11,2015,FALSE,2015-03-10 00:00:00
20150311,Wednesday,11,2,70,3,March,1,3,11,2015,FALSE,2015-03-11 00:00:00
20150312,Thursday,12,3,71,3,March,1,3,11,2015,FALSE,2015-03-12 00:00:00
20150313,Friday,13,4,72,3,March,1,3,11,2015,FALSE,2015-03-13 00:00:00
20150314,Saturday,14,5,73,3,March,1,3,11,2015,FALSE,2015-03-14 00:00:00
20150315,Sunday,15,6,74,3,March,1,3,11,2015,FALSE,2015-03-15 00:00:00
20150316,Monday,16,0,75,3,March,1,4,12,2015,FALSE,2015-03-16 00:00:00
20150317,Tuesday,17,1,76,3,March,1,4,12,2015,FALSE,2015-03-17 00:00:00
20150318,Wednesday,18,2,77,3,March,1,4,12,2015,FALSE,2015-03-18 00:00:00
20150319,Thursday,19,3,78,3,March,1,4,12,2015,FALSE,2015-03-19 00:00:00
20150320,Friday,20,4,79,3,March,1,4,12,2015,FALSE,2015-03-20 00:00:00
20150321,Saturday,21,5,80,3,March,1,4,12,2015,FALSE,2015-03-21 00:00:00
20150322,Sunday,22,6,81,3,March,1,4,12,2015,FALSE,2015-03-22 00:00:00
20150323,Monday,23,0,82,3,March,1,5,13,2015,FALSE,2015-03-23 00:00:00
20150324,Tuesday,24,1,83,3,March,1,5,13,2015,FALSE,2015-03-24 00:00:00
20150325,Wednesday,25,2,84,3,March,1,5,13,2015,FALSE,2015-03-25 00:00:00
20150326,Thursday,26,3,85,3,March,1,5,13,2015,FALSE,2015-03-26 00:00:00
20150327,Friday,27,4,86,3,March,1,5,13,2015,FALSE,2015-03-27 00:00:00
20150328,Saturday,28,5,87,3,March,1,5,13,2015,FALSE,2015-03-28 00:00:00
20150329,Sunday,29,6,88,3,March,1,5,13,2015,FALSE,2015-03-29 00:00:00
20150330,Monday,30,0,89,3,March,1,6,14,2015,FALSE,2015-03-30 00:00:00
20150331,Tuesday,31,1,90,3,March,1,6,14,2015,FALSE,2015-03-31 00:00:00
20150401,Wednesday,1,2,91,4,April,2,1,14,2015,FALSE,2015-04-01 00:00:00
20150402,Thursday,2,3,92,4,April,2,1,14,2015,FALSE,2015-04-02 00:00:00
20150403,Friday,3,4,93,4,April,2,1,14,2015,FALSE,2015-04-03 00:00:00
20150404,Saturday,4,5,94,4,April,2,1,14,2015,FALSE,2015-04-04 00:00:00
20150405,Sunday,5,6,95,4,April,2,1,14,2015,FALSE,2015-04-05 00:00:00
20150406,Monday,6,0,96,4,April,2,2,15,2015,FALSE,2015-04-06 00:00:00
20150407,Tuesday,7,1,97,4,April,2,2,15,2015,FALSE,2015-04-07 00:00:00
20150408,Wednesday,8,2,98,4,April,2,2,15,2015,FALSE,2015-04-08 00:00:00
20150409,Thursday,9,3,99,4,April,2,2,15,2015,FALSE,2015-04-09 00:00:00
20150410,Friday,10,4,100,4,April,2,2,15,2015,FALSE,2015-04-10 00:00:00
20150411,Saturday,11,5,101,4,April,2,2,15,2015,FALSE,2015-04-11 00:00:00
20150412,Sunday,12,6,102,4,April,2,2,15,2015,FALSE,2015-04-12 00:00:00
20150413,Monday,13,0,103,4,April,2,3,16,2015,FALSE,2015-04-13 00:00:00
20150414,Tuesday,14,1,104,4,April,2,3,16,2015,FALSE,2015-04-14 00:00:00
20150415,Wednesday,15,2,105,4,April,2,3,16,2015,FALSE,2015-04-15 00:00:00
20150416,Thursday,16,3,106,4,April,2,3,16,2015,FALSE,2015-04-16 00:00:00
20150417,Friday,17,4,107,4,April,2,3,16,2015,FALSE,2015-04-17 00:00:00
20150418,Saturday,18,5,108,4,April,2,3,16,2015,FALSE,2015-04-18 00:00:00
20150419,Sunday,19,6,109,4,April,2,3,16,2015,FALSE,2015-04-19 00:00:00
20150420,Monday,20,0,110,4,April,2,4,17,2015,FALSE,2015-04-20 00:00:00
20150421,Tuesday,21,1,111,4,April,2,4,17,2015,FALSE,2015-04-21 00:00:00
20150422,Wednesday,22,2,112,4,April,2,4,17,2015,FALSE,2015-04-22 00:00:00
20150423,Thursday,23,3,113,4,April,2,4,17,2015,FALSE,2015-04-23 00:00:00
20150424,Friday,24,4,114,4,April,2,4,17,2015,FALSE,2015-04-24 00:00:00
20150425,Saturday,25,5,115,4,April,2,4,17,2015,FALSE,2015-04-25 00:00:00
20150426,Sunday,26,6,116,4,April,2,4,17,2015,FALSE,2015-04-26 00:00:00
20150427,Monday,27,0,117,4,April,2,5,18,2015,FALSE,2015-04-27 00:00:00
20150428,Tuesday,28,1,118,4,April,2,5,18,2015,FALSE,2015-04-28 00:00:00
20150429,Wednesday,29,2,119,4,April,2,5,18,2015,FALSE,2015-04-29 00:00:00
20150430,Thursday,30,3,120,4,April,2,5,18,2015,FALSE,2015-04-30 00:00:00
20150501,Friday,1,4,121,5,May,2,1,18,2015,FALSE,2015-05-01 00:00:00
20150502,Saturday,2,5,122,5,May,2,1,18,2015,FALSE,2015-05-02 00:00:00
20150503,Sunday,3,6,123,5,May,2,1,18,2015,FALSE,2015-05-03 00:00:00
20150504,Monday,4,0,124,5,May,2,2,19,2015,FALSE,2015-05-04 00:00:00
20150505,Tuesday,5,1,125,5,May,2,2,19,2015,FALSE,2015-05-05 00:00:00
20150506,Wednesday,6,2,126,5,May,2,2,19,2015,FALSE,2015-05-06 00:00:00
20150507,Thursday,7,3,127,5,May,2,2,19,2015,FALSE,2015-05-07 00:00:00
20150508,Friday,8,4,128,5,May,2,2,19,2015,FALSE,2015-05-08 00:00:00
20150509,Saturday,9,5,129,5,May,2,2,19,2015,FALSE,2015-05-09 00:00:00
20150510,Sunday,10,6,130,5,May,2,2,19,2015,FALSE,2015-05-10 00:00:00
20150511,Monday,11,0,131,5,May,2,3,20,2015,FALSE,2015-05-11 00:00:00
20150512,Tuesday,12,1,132,5,May,2,3,20,2015,FALSE,2015-05-12 00:00:00
20150513,Wednesday,13,2,133,5,May,2,3,20,2015,FALSE,2015-05-13 00:00:00
20150514,Thursday,14,3,134,5,May,2,3,20,2015,FALSE,2015-05-14 00:00:00
20150515,Friday,15,4,135,5,May,2,3,20,2015,FALSE,2015-05-15 00:00:00
20150516,Saturday,16,5,136,5,May,2,3,20,2015,FALSE,2015-05-16 00:00:00
20150517,Sunday,17,6,137,5,May,2,3,20,2015,FALSE,2015-05-17 00:00:00
20150518,Monday,18,0,138,5,May,2,4,21,2015,FALSE,2015-05-18 00:00:00
20150519,Tuesday,19,1,139,5,May,2,4,21,2015,FALSE,2015-05-19 00:00:00
20150520,Wednesday,20,2,140,5,May,2,4,21,2015,FALSE,2015-05-20 00:00:00
20150521,Thursday,21,3,141,5,May,2,4,21,2015,FALSE,2015-05-21 00:00:00
20150522,Friday,22,4,142,5,May,2,4,21,2015,FALSE,2015-05-22 00:00:00
20150523,Saturday,23,5,143,5,May,2,4,21,2015,FALSE,2015-05-23 00:00:00
20150524,Sunday,24,6,144,5,May,2,4,21,2015,FALSE,2015-05-24 00:00:00
20150525,Monday,25,0,145,5,May,2,5,22,2015,FALSE,2015-05-25 00:00:00
20150526,Tuesday,26,1,146,5,May,2,5,22,2015,FALSE,2015-05-26 00:00:00
20150527,Wednesday,27,2,147,5,May,2,5,22,2015,FALSE,2015-05-27 00:00:00
20150528,Thursday,28,3,148,5,May,2,5,22,2015,FALSE,2015-05-28 00:00:00
20150529,Friday,29,4,149,5,May,2,5,22,2015,FALSE,2015-05-29 00:00:00
20150530,Saturday,30,5,150,5,May,2,5,22,2015,FALSE,2015-05-30 00:00:00
20150531,Sunday,31,6,151,5,May,2,5,22,2015,FALSE,2015-05-31 00:00:00
20150601,Monday,1,0,152,6,June,2,1,23,2015,FALSE,2015-06-01 00:00:00
20150602,Tuesday,2,1,153,6,June,2,1,23,2015,FALSE,2015-06-02 00:00:00
20150603,Wednesday,3,2,154,6,June,2,1,23,2015,FALSE,2015-06-03 00:00:00
20150604,Thursday,4,3,155,6,June,2,1,23,2015,FALSE,2015-06-04 00:00:00
20150605,Friday,5,4,156,6,June,2,1,23,2015,FALSE,2015-06-05 00:00:00
20150606,Saturday,6,5,157,6,June,2,1,23,2015,FALSE,2015-06-06 00:00:00
20150607,Sunday,7,6,158,6,June,2,1,23,2015,FALSE,2015-06-07 00:00:00
20150608,Monday,8,0,159,6,June,2,2,24,2015,FALSE,2015-06-08 00:00:00
20150609,Tuesday,9,1,160,6,June,2,2,24,2015,FALSE,2015-06-09 00:00:00
20150610,Wednesday,10,2,161,6,June,2,2,24,2015,FALSE,2015-06-10 00:00:00
20150611,Thursday,11,3,162,6,June,2,2,24,2015,FALSE,2015-06-11 00:00:00
20150612,Friday,12,4,163,6,June,2,2,24,2015,FALSE,2015-06-12 00:00:00
20150613,Saturday,13,5,164,6,June,2,2,24,2015,FALSE,2015-06-13 00:00:00
20150614,Sunday,14,6,165,6,June,2,2,24,2015,FALSE,2015-06-14 00:00:00
20150615,Monday,15,0,166,6,June,2,3,25,2015,FALSE,2015-06-15 00:00:00
20150616,Tuesday,16,1,167,6,June,2,3,25,2015,FALSE,2015-06-16 00:00:00
20150617,Wednesday,17,2,168,6,June,2,3,25,2015,FALSE,2015-06-17 00:00:00
20150618,Thursday,18,3,169,6,June,2,3,25,2015,FALSE,2015-06-18 00:00:00
20150619,Friday,19,4,170,6,June,2,3,25,2015,FALSE,2015-06-19 00:00:00
20150620,Saturday,20,5,171,6,June,2,3,25,2015,FALSE,2015-06-20 00:00:00
20150621,Sunday,21,6,172,6,June,2,3,25,2015,FALSE,2015-06-21 00:00:00
20150622,Monday,22,0,173,6,June,2,4,26,2015,FALSE,2015-06-22 00:00:00
20150623,Tuesday,23,1,174,6,June,2,4,26,2015,FALSE,2015-06-23 00:00:00
20150624,Wednesday,24,2,175,6,June,2,4,26,2015,FALSE,2015-06-24 00:00:00
20150625,Thursday,25,3,176,6,June,2,4,26,2015,FALSE,2015-06-25 00:00:00
20150626,Friday,26,4,177,6,June,2,4,26,2015,FALSE,2015-06-26 00:00:00
20150627,Saturday,27,5,178,6,June,2,4,26,2015,FALSE,2015-06-27 00:00:00
20150628,Sunday,28,6,179,6,June,2,4,26,2015,FALSE,2015-06-28 00:00:00
20150629,Monday,29,0,180,6,June,2,5,27,2015,FALSE,2015-06-29 00:00:00
20150630,Tuesday,30,1,181,6,June,2,5,27,2015,FALSE,2015-06-30 00:00:00
20150701,Wednesday,1,2,182,7,July,3,1,27,2015,FALSE,2015-07-01 00:00:00
20150702,Thursday,2,3,183,7,July,3,1,27,2015,FALSE,2015-07-02 00:00:00
20150703,Friday,3,4,184,7,July,3,1,27,2015,FALSE,2015-07-03 00:00:00
20150704,Saturday,4,5,185,7,July,3,1,27,2015,FALSE,2015-07-04 00:00:00
20150705,Sunday,5,6,186,7,July,3,1,27,2015,FALSE,2015-07-05 00:00:00
20150706,Monday,6,0,187,7,July,3,2,28,2015,FALSE,2015-07-06 00:00:00
20150707,Tuesday,7,1,188,7,July,3,2,28,2015,FALSE,2015-07-07 00:00:00
20150708,Wednesday,8,2,189,7,July,3,2,28,2015,FALSE,2015-07-08 00:00:00
20150709,Thursday,9,3,190,7,July,3,2,28,2015,FALSE,2015-07-09 00:00:00
20150710,Friday,10,4,191,7,July,3,2,28,2015,FALSE,2015-07-10 00:00:00
20150711,Saturday,11,5,192,7,July,3,2,28,2015,FALSE,2015-07-11 00:00:00
20150712,Sunday,12,6,193,7,July,3,2,28,2015,FALSE,2015-07-12 00:00:00
20150713,Monday,13,0,194,7,July,3,3,29,2015,FALSE,2015-07-13 00:00:00
20150714,Tuesday,14,1,195,7,July,3,3,29,2015,FALSE,2015-07-14 00:00:00
20150715,Wednesday,15,2,196,7,July,3,3,29,2015,FALSE,2015-07-15 00:00:00
20150716,Thursday,16,3,197,7,July,3,3,29,2015,FALSE,2015-07-16 00:00:00
20150717,Friday,17,4,198,7,July,3,3,29,2015,FALSE,2015-07-17 00:00:00
20150718,Saturday,18,5,199,7,July,3,3,29,2015,FALSE,2015-07-18 00:00:00
20150719,Sunday,19,6,200,7,July,3,3,29,2015,FALSE,2015-07-19 00:00:00
20150720,Monday,20,0,201,7,July,3,4,30,2015,FALSE,2015-07-20 00:00:00
20150721,Tuesday,21,1,202,7,July,3,4,30,2015,FALSE,2015-07-21 00:00:00
20150722,Wednesday,22,2,203,7,July,3,4,30,2015,FALSE,2015-07-22 00:00:00
20150723,Thursday,23,3,204,7,July,3,4,30,2015,FALSE,2015-07-23 00:00:00
20150724,Friday,24,4,205,7,July,3,4,30,2015,FALSE,2015-07-24 00:00:00
20150725,Saturday,25,5,206,7,July,3,4,30,2015,FALSE,2015-07-25 00:00:00
20150726,Sunday,26,6,207,7,July,3,4,30,2015,FALSE,2015-07-26 00:00:00
20150727,Monday,27,0,208,7,July,3,5,31,2015,FALSE,2015-07-27 00:00:00
20150728,Tuesday,28,1,209,7,July,3,5,31,2015,FALSE,2015-07-28 00:00:00
20150729,Wednesday,29,2,210,7,July,3,5,31,2015,FALSE,2015-07-29 00:00:00
20150730,Thursday,30,3,211,7,July,3,5,31,2015,FALSE,2015-07-30 00:00:00
20150731,Friday,31,4,212,7,July,3,5,31,2015,FALSE,2015-07-31 00:00:00
20150801,Saturday,1,5,213,8,August,3,1,31,2015,FALSE,2015-08-01 00:00:00
20150802,Sunday,2,6,214,8,August,3,1,31,2015,FALSE,2015-08-02 00:00:00
20150803,Monday,3,0,215,8,August,3,2,32,2015,FALSE,2015-08-03 00:00:00
20150804,Tuesday,4,1,216,8,August,3,2,32,2015,FALSE,2015-08-04 00:00:00
20150805,Wednesday,5,2,217,8,August,3,2,32,2015,FALSE,2015-08-05 00:00:00
20150806,Thursday,6,3,218,8,August,3,2,32,2015,FALSE,2015-08-06 00:00:00
20150807,Friday,7,4,219,8,August,3,2,32,2015,FALSE,2015-08-07 00:00:00
20150808,Saturday,8,5,220,8,August,3,2,32,2015,FALSE,2015-08-08 00:00:00
20150809,Sunday,9,6,221,8,August,3,2,32,2015,FALSE,2015-08-09 00:00:00
20150810,Monday,10,0,222,8,August,3,3,33,2015,FALSE,2015-08-10 00:00:00
20150811,Tuesday,11,1,223,8,August,3,3,33,2015,FALSE,2015-08-11 00:00:00
20150812,Wednesday,12,2,224,8,August,3,3,33,2015,FALSE,2015-08-12 00:00:00
20150813,Thursday,13,3,225,8,August,3,3,33,2015,FALSE,2015-08-13 00:00:00
20150814,Friday,14,4,226,8,August,3,3,33,2015,FALSE,2015-08-14 00:00:00
20150815,Saturday,15,5,227,8,August,3,3,33,2015,FALSE,2015-08-15 00:00:00
20150816,Sunday,16,6,228,8,August,3,3,33,2015,FALSE,2015-08-16 00:00:00
20150817,Monday,17,0,229,8,August,3,4,34,2015,FALSE,2015-08-17 00:00:00
20150818,Tuesday,18,1,230,8,August,3,4,34,2015,FALSE,2015-08-18 00:00:00
20150819,Wednesday,19,2,231,8,August,3,4,34,2015,FALSE,2015-08-19 00:00:00
20150820,Thursday,20,3,232,8,August,3,4,34,2015,FALSE,2015-08-20 00:00:00
20150821,Friday,21,4,233,8,August,3,4,34,2015,FALSE,2015-08-21 00:00:00
20150822,Saturday,22,5,234,8,August,3,4,34,2015,FALSE,2015-08-22 00:00:00
20150823,Sunday,23,6,235,8,August,3,4,34,2015,FALSE,2015-08-23 00:00:00
20150824,Monday,24,0,236,8,August,3,5,35,2015,FALSE,2015-08-24 00:00:00
20150825,Tuesday,25,1,237,8,August,3,5,35,2015,FALSE,2015-08-25 00:00:00
20150826,Wednesday,26,2,238,8,August,3,5,35,2015,FALSE,2015-08-26 00:00:00
20150827,Thursday,27,3,239,8,August,3,5,35,2015,FALSE,2015-08-27 00:00:00
20150828,Friday,28,4,240,8,August,3,5,35,2015,FALSE,2015-08-28 00:00:00
20150829,Saturday,29,5,241,8,August,3,5,35,2015,FALSE,2015-08-29 00:00:00
20150830,Sunday,30,6,242,8,August,3,5,35,2015,FALSE,2015-08-30 00:00:00
20150831,Monday,31,0,243,8,August,3,6,36,2015,FALSE,2015-08-31 00:00:00
20150901,Tuesday,1,1,244,9,September,3,1,36,2015,FALSE,2015-09-01 00:00:00
20150902,Wednesday,2,2,245,9,September,3,1,36,2015,FALSE,2015-09-02 00:00:00
20150903,Thursday,3,3,246,9,September,3,1,36,2015,FALSE,2015-09-03 00:00:00
20150904,Friday,4,4,247,9,September,3,1,36,2015,FALSE,2015-09-04 00:00:00
20150905,Saturday,5,5,248,9,September,3,1,36,2015,FALSE,2015-09-05 00:00:00
20150906,Sunday,6,6,249,9,September,3,1,36,2015,FALSE,2015-09-06 00:00:00
20150907,Monday,7,0,250,9,September,3,2,37,2015,FALSE,2015-09-07 00:00:00
20150908,Tuesday,8,1,251,9,September,3,2,37,2015,FALSE,2015-09-08 00:00:00
20150909,Wednesday,9,2,252,9,September,3,2,37,2015,FALSE,2015-09-09 00:00:00
20150910,Thursday,10,3,253,9,September,3,2,37,2015,FALSE,2015-09-10 00:00:00
20150911,Friday,11,4,254,9,September,3,2,37,2015,FALSE,2015-09-11 00:00:00
20150912,Saturday,12,5,255,9,September,3,2,37,2015,FALSE,2015-09-12 00:00:00
20150913,Sunday,13,6,256,9,September,3,2,37,2015,FALSE,2015-09-13 00:00:00
20150914,Monday,14,0,257,9,September,3,3,38,2015,FALSE,2015-09-14 00:00:00
20150915,Tuesday,15,1,258,9,September,3,3,38,2015,FALSE,2015-09-15 00:00:00
20150916,Wednesday,16,2,259,9,September,3,3,38,2015,FALSE,2015-09-16 00:00:00
20150917,Thursday,17,3,260,9,September,3,3,38,2015,FALSE,2015-09-17 00:00:00
20150918,Friday,18,4,261,9,September,3,3,38,2015,FALSE,2015-09-18 00:00:00
20150919,Saturday,19,5,262,9,September,3,3,38,2015,FALSE,2015-09-19 00:00:00
20150920,Sunday,20,6,263,9,September,3,3,38,2015,FALSE,2015-09-20 00:00:00
20150921,Monday,21,0,264,9,September,3,4,39,2015,FALSE,2015-09-21 00:00:00
20150922,Tuesday,22,1,265,9,September,3,4,39,2015,FALSE,2015-09-22 00:00:00
20150923,Wednesday,23,2,266,9,September,3,4,39,2015,FALSE,2015-09-23 00:00:00
20150924,Thursday,24,3,267,9,September,3,4,39,2015,FALSE,2015-09-24 00:00:00
20150925,Friday,25,4,268,9,September,3,4,39,2015,FALSE,2015-09-25 00:00:00
20150926,Saturday,26,5,269,9,September,3,4,39,2015,FALSE,2015-09-26 00:00:00
20150927,Sunday,27,6,270,9,September,3,4,39,2015,FALSE,2015-09-27 00:00:00
20150928,Monday,28,0,271,9,September,3,5,40,2015,FALSE,2015-09-28 00:00:00
20150929,Tuesday,29,1,272,9,September,3,5,40,2015,FALSE,2015-09-29 00:00:00
20150930,Wednesday,30,2,273,9,September,3,5,40,2015,FALSE,2015-09-30 00:00:00
20151001,Thursday,1,3,274,10,October,4,1,40,2015,FALSE,2015-10-01 00:00:00
20151002,Friday,2,4,275,10,October,4,1,40,2015,FALSE,2015-10-02 00:00:00
20151003,Saturday,3,5,276,10,October,4,1,40,2015,FALSE,2015-10-03 00:00:00
20151004,Sunday,4,6,277,10,October,4,1,40,2015,FALSE,2015-10-04 00:00:00
20151005,Monday,5,0,278,10,October,4,2,41,2015,FALSE,2015-10-05 00:00:00
20151006,Tuesday,6,1,279,10,October,4,2,41,2015,FALSE,2015-10-06 00:00:00
20151007,Wednesday,7,2,280,10,October,4,2,41,2015,FALSE,2015-10-07 00:00:00
20151008,Thursday,8,3,281,10,October,4,2,41,2015,FALSE,2015-10-08 00:00:00
20151009,Friday,9,4,282,10,October,4,2,41,2015,FALSE,2015-10-09 00:00:00
20151010,Saturday,10,5,283,10,October,4,2,41,2015,FALSE,2015-10-10 00:00:00
20151011,Sunday,11,6,284,10,October,4,2,41,2015,FALSE,2015-10-11 00:00:00
20151012,Monday,12,0,285,10,October,4,3,42,2015,FALSE,2015-10-12 00:00:00
20151013,Tuesday,13,1,286,10,October,4,3,42,2015,FALSE,2015-10-13 00:00:00
20151014,Wednesday,14,2,287,10,October,4,3,42,2015,FALSE,2015-10-14 00:00:00
20151015,Thursday,15,3,288,10,October,4,3,42,2015,FALSE,2015-10-15 00:00:00
20151016,Friday,16,4,289,10,October,4,3,42,2015,FALSE,2015-10-16 00:00:00
20151017,Saturday,17,5,290,10,October,4,3,42,2015,FALSE,2015-10-17 00:00:00
20151018,Sunday,18,6,291,10,October,4,3,42,2015,FALSE,2015-10-18 00:00:00
20151019,Monday,19,0,292,10,October,4,4,43,2015,FALSE,2015-10-19 00:00:00
20151020,Tuesday,20,1,293,10,October,4,4,43,2015,FALSE,2015-10-20 00:00:00
20151021,Wednesday,21,2,294,10,October,4,4,43,2015,FALSE,2015-10-21 00:00:00
20151022,Thursday,22,3,295,10,October,4,4,43,2015,FALSE,2015-10-22 00:00:00
20151023,Friday,23,4,296,10,October,4,4,43,2015,FALSE,2015-10-23 00:00:00
20151024,Saturday,24,5,297,10,October,4,4,43,2015,FALSE,2015-10-24 00:00:00
20151025,Sunday,25,6,298,10,October,4,4,43,2015,FALSE,2015-10-25 00:00:00
20151026,Monday,26,0,299,10,October,4,5,44,2015,FALSE,2015-10-26 00:00:00
20151027,Tuesday,27,1,300,10,October,4,5,44,2015,FALSE,2015-10-27 00:00:00
20151028,Wednesday,28,2,301,10,October,4,5,44,2015,FALSE,2015-10-28 00:00:00
20151029,Thursday,29,3,302,10,October,4,5,44,2015,FALSE,2015-10-29 00:00:00
20151030,Friday,30,4,303,10,October,4,5,44,2015,FALSE,2015-10-30 00:00:00
20151031,Saturday,31,5,304,10,October,4,5,44,2015,FALSE,2015-10-31 00:00:00
20151101,Sunday,1,6,305,11,November,4,1,44,2015,FALSE,2015-11-01 00:00:00
20151102,Monday,2,0,306,11,November,4,2,45,2015,FALSE,2015-11-02 00:00:00
20151103,Tuesday,3,1,307,11,November,4,2,45,2015,FALSE,2015-11-03 00:00:00
20151104,Wednesday,4,2,308,11,November,4,2,45,2015,FALSE,2015-11-04 00:00:00
20151105,Thursday,5,3,309,11,November,4,2,45,2015,FALSE,2015-11-05 00:00:00
20151106,Friday,6,4,310,11,November,4,2,45,2015,FALSE,2015-11-06 00:00:00
20151107,Saturday,7,5,311,11,November,4,2,45,2015,FALSE,2015-11-07 00:00:00
20151108,Sunday,8,6,312,11,November,4,2,45,2015,FALSE,2015-11-08 00:00:00
20151109,Monday,9,0,313,11,November,4,3,46,2015,FALSE,2015-11-09 00:00:00
20151110,Tuesday,10,1,314,11,November,4,3,46,2015,FALSE,2015-11-10 00:00:00
20151111,Wednesday,11,2,315,11,November,4,3,46,2015,FALSE,2015-11-11 00:00:00
20151112,Thursday,12,3,316,11,November,4,3,46,2015,FALSE,2015-11-12 00:00:00
20151113,Friday,13,4,317,11,November,4,3,46,2015,FALSE,2015-11-13 00:00:00
20151114,Saturday,14,5,318,11,November,4,3,46,2015,FALSE,2015-11-14 00:00:00
20151115,Sunday,15,6,319,11,November,4,3,46,2015,FALSE,2015-11-15 00:00:00
20151116,Monday,16,0,320,11,November,4,4,47,2015,FALSE,2015-11-16 00:00:00
20151117,Tuesday,17,1,321,11,November,4,4,47,2015,FALSE,2015-11-17 00:00:00
20151118,Wednesday,18,2,322,11,November,4,4,47,2015,FALSE,2015-11-18 00:00:00
20151119,Thursday,19,3,323,11,November,4,4,47,2015,FALSE,2015-11-19 00:00:00
20151120,Friday,20,4,324,11,November,4,4,47,2015,FALSE,2015-11-20 00:00:00
20151121,Saturday,21,5,325,11,November,4,4,47,2015,FALSE,2015-11-21 00:00:00
20151122,Sunday,22,6,326,11,November,4,4,47,2015,FALSE,2015-11-22 00:00:00
20151123,Monday,23,0,327,11,November,4,5,48,2015,FALSE,2015-11-23 00:00:00
20151124,Tuesday,24,1,328,11,November,4,5,48,2015,FALSE,2015-11-24 00:00:00
20151125,Wednesday,25,2,329,11,November,4,5,48,2015,FALSE,2015-11-25 00:00:00
20151126,Thursday,26,3,330,11,November,4,5,48,2015,FALSE,2015-11-26 00:00:00
20151127,Friday,27,4,331,11,November,4,5,48,2015,FALSE,2015-11-27 00:00:00
20151128,Saturday,28,5,332,11,November,4,5,48,2015,FALSE,2015-11-28 00:00:00
20151129,Sunday,29,6,333,11,November,4,5,48,2015,FALSE,2015-11-29 00:00:00
20151130,Monday,30,0,334,11,November,4,6,49,2015,FALSE,2015-11-30 00:00:00
20151201,Tuesday,1,1,335,12,December,4,1,49,2015,FALSE,2015-12-01 00:00:00
20151202,Wednesday,2,2,336,12,December,4,1,49,2015,FALSE,2015-12-02 00:00:00
20151203,Thursday,3,3,337,12,December,4,1,49,2015,FALSE,2015-12-03 00:00:00
20151204,Friday,4,4,338,12,December,4,1,49,2015,FALSE,2015-12-04 00:00:00
20151205,Saturday,5,5,339,12,December,4,1,49,2015,FALSE,2015-12-05 00:00:00
20151206,Sunday,6,6,340,12,December,4,1,49,2015,FALSE,2015-12-06 00:00:00
20151207,Monday,7,0,341,12,December,4,2,50,2015,FALSE,2015-12-07 00:00:00
20151208,Tuesday,8,1,342,12,December,4,2,50,2015,FALSE,2015-12-08 00:00:00
20151209,Wednesday,9,2,343,12,December,4,2,50,2015,FALSE,2015-12-09 00:00:00
20151210,Thursday,10,3,344,12,December,4,2,50,2015,FALSE,2015-12-10 00:00:00
20151211,Friday,11,4,345,12,December,4,2,50,2015,FALSE,2015-12-11 00:00:00
20151212,Saturday,12,5,346,12,December,4,2,50,2015,FALSE,2015-12-12 00:00:00
20151213,Sunday,13,6,347,12,December,4,2,50,2015,FALSE,2015-12-13 00:00:00
20151214,Monday,14,0,348,12,December,4,3,51,2015,FALSE,2015-12-14 00:00:00
20151215,Tuesday,15,1,349,12,December,4,3,51,2015,FALSE,2015-12-15 00:00:00
20151216,Wednesday,16,2,350,12,December,4,3,51,2015,FALSE,2015-12-16 00:00:00
20151217,Thursday,17,3,351,12,December,4,3,51,2015,FALSE,2015-12-17 00:00:00
20151218,Friday,18,4,352,12,December,4,3,51,2015,FALSE,2015-12-18 00:00:00
20151219,Saturday,19,5,353,12,December,4,3,51,2015,FALSE,2015-12-19 00:00:00
20151220,Sunday,20,6,354,12,December,4,3,51,2015,FALSE,2015-12-20 00:00:00
20151221,Monday,21,0,355,12,December,4,4,52,2015,FALSE,2015-12-21 00:00:00
20151222,Tuesday,22,1,356,12,December,4,4,52,2015,FALSE,2015-12-22 00:00:00
20151223,Wednesday,23,2,357,12,December,4,4,52,2015,FALSE,2015-12-23 00:00:00
20151224,Thursday,24,3,358,12,December,4,4,52,2015,FALSE,2015-12-24 00:00:00
20151225,Friday,25,4,359,12,December,4,4,52,2015,FALSE,2015-12-25 00:00:00
20151226,Saturday,26,5,360,12,December,4,4,52,2015,FALSE,2015-12-26 00:00:00
20151227,Sunday,27,6,361,12,December,4,4,52,2015,FALSE,2015-12-27 00:00:00
20151228,Monday,28,0,362,12,December,4,5,53,2015,FALSE,2015-12-28 00:00:00
20151229,Tuesday,29,1,363,12,December,4,5,53,2015,FALSE,2015-12-29 00:00:00
20151230,Wednesday,30,2,364,12,December,4,5,53,2015,FALSE,2015-12-30 00:00:00
20151231,Thursday,31,3,365,12,December,4,5,53,2015,FALSE,2015-12-31 00:00:00
20160101,Friday,1,4,1,1,January,1,1,1,2016,FALSE,2016-01-01 00:00:00
20160102,Saturday,2,5,2,1,January,1,1,1,2016,FALSE,2016-01-02 00:00:00
20160103,Sunday,3,6,3,1,January,1,1,1,2016,FALSE,2016-01-03 00:00:00
20160104,Monday,4,0,4,1,January,1,2,2,2016,FALSE,2016-01-04 00:00:00
20160105,Tuesday,5,1,5,1,January,1,2,2,2016,FALSE,2016-01-05 00:00:00
20160106,Wednesday,6,2,6,1,January,1,2,2,2016,FALSE,2016-01-06 00:00:00
20160107,Thursday,7,3,7,1,January,1,2,2,2016,FALSE,2016-01-07 00:00:00
20160108,Friday,8,4,8,1,January,1,2,2,2016,FALSE,2016-01-08 00:00:00
20160109,Saturday,9,5,9,1,January,1,2,2,2016,FALSE,2016-01-09 00:00:00
20160110,Sunday,10,6,10,1,January,1,2,2,2016,FALSE,2016-01-10 00:00:00
20160111,Monday,11,0,11,1,January,1,3,3,2016,FALSE,2016-01-11 00:00:00
20160112,Tuesday,12,1,12,1,January,1,3,3,2016,FALSE,2016-01-12 00:00:00
20160113,Wednesday,13,2,13,1,January,1,3,3,2016,FALSE,2016-01-13 00:00:00
20160114,Thursday,14,3,14,1,January,1,3,3,2016,FALSE,2016-01-14 00:00:00
20160115,Friday,15,4,15,1,January,1,3,3,2016,FALSE,2016-01-15 00:00:00
20160116,Saturday,16,5,16,1,January,1,3,3,2016,FALSE,2016-01-16 00:00:00
20160117,Sunday,17,6,17,1,January,1,3,3,2016,FALSE,2016-01-17 00:00:00
20160118,Monday,18,0,18,1,January,1,4,4,2016,FALSE,2016-01-18 00:00:00
20160119,Tuesday,19,1,19,1,January,1,4,4,2016,FALSE,2016-01-19 00:00:00
20160120,Wednesday,20,2,20,1,January,1,4,4,2016,FALSE,2016-01-20 00:00:00
20160121,Thursday,21,3,21,1,January,1,4,4,2016,FALSE,2016-01-21 00:00:00
20160122,Friday,22,4,22,1,January,1,4,4,2016,FALSE,2016-01-22 00:00:00
20160123,Saturday,23,5,23,1,January,1,4,4,2016,FALSE,2016-01-23 00:00:00
20160124,Sunday,24,6,24,1,January,1,4,4,2016,FALSE,2016-01-24 00:00:00
20160125,Monday,25,0,25,1,January,1,5,5,2016,FALSE,2016-01-25 00:00:00
20160126,Tuesday,26,1,26,1,January,1,5,5,2016,FALSE,2016-01-26 00:00:00
20160127,Wednesday,27,2,27,1,January,1,5,5,2016,FALSE,2016-01-27 00:00:00
20160128,Thursday,28,3,28,1,January,1,5,5,2016,FALSE,2016-01-28 00:00:00
20160129,Friday,29,4,29,1,January,1,5,5,2016,FALSE,2016-01-29 00:00:00
20160130,Saturday,30,5,30,1,January,1,5,5,2016,FALSE,2016-01-30 00:00:00
20160131,Sunday,31,6,31,1,January,1,5,5,2016,FALSE,2016-01-31 00:00:00
20160201,Monday,1,0,32,2,February,1,1,6,2016,FALSE,2016-02-01 00:00:00
20160202,Tuesday,2,1,33,2,February,1,1,6,2016,FALSE,2016-02-02 00:00:00
20160203,Wednesday,3,2,34,2,February,1,1,6,2016,FALSE,2016-02-03 00:00:00
20160204,Thursday,4,3,35,2,February,1,1,6,2016,FALSE,2016-02-04 00:00:00
20160205,Friday,5,4,36,2,February,1,1,6,2016,FALSE,2016-02-05 00:00:00
20160206,Saturday,6,5,37,2,February,1,1,6,2016,FALSE,2016-02-06 00:00:00
20160207,Sunday,7,6,38,2,February,1,1,6,2016,FALSE,2016-02-07 00:00:00
20160208,Monday,8,0,39,2,February,1,2,7,2016,FALSE,2016-02-08 00:00:00
20160209,Tuesday,9,1,40,2,February,1,2,7,2016,FALSE,2016-02-09 00:00:00
20160210,Wednesday,10,2,41,2,February,1,2,7,2016,FALSE,2016-02-10 00:00:00
20160211,Thursday,11,3,42,2,February,1,2,7,2016,FALSE,2016-02-11 00:00:00
20160212,Friday,12,4,43,2,February,1,2,7,2016,FALSE,2016-02-12 00:00:00
20160213,Saturday,13,5,44,2,February,1,2,7,2016,FALSE,2016-02-13 00:00:00
20160214,Sunday,14,6,45,2,February,1,2,7,2016,FALSE,2016-02-14 00:00:00
20160215,Monday,15,0,46,2,February,1,3,8,2016,FALSE,2016-02-15 00:00:00
20160216,Tuesday,16,1,47,2,February,1,3,8,2016,FALSE,2016-02-16 00:00:00
20160217,Wednesday,17,2,48,2,February,1,3,8,2016,FALSE,2016-02-17 00:00:00
20160218,Thursday,18,3,49,2,February,1,3,8,2016,FALSE,2016-02-18 00:00:00
20160219,Friday,19,4,50,2,February,1,3,8,2016,FALSE,2016-02-19 00:00:00
20160220,Saturday,20,5,51,2,February,1,3,8,2016,FALSE,2016-02-20 00:00:00
20160221,Sunday,21,6,52,2,February,1,3,8,2016,FALSE,2016-02-21 00:00:00
20160222,Monday,22,0,53,2,February,1,4,9,2016,FALSE,2016-02-22 00:00:00
20160223,Tuesday,23,1,54,2,February,1,4,9,2016,FALSE,2016-02-23 00:00:00
20160224,Wednesday,24,2,55,2,February,1,4,9,2016,FALSE,2016-02-24 00:00:00
20160225,Thursday,25,3,56,2,February,1,4,9,2016,FALSE,2016-02-25 00:00:00
20160226,Friday,26,4,57,2,February,1,4,9,2016,FALSE,2016-02-26 00:00:00
20160227,Saturday,27,5,58,2,February,1,4,9,2016,FALSE,2016-02-27 00:00:00
20160228,Sunday,28,6,59,2,February,1,4,9,2016,FALSE,2016-02-28 00:00:00
20160229,Monday,29,0,60,2,February,1,5,10,2016,FALSE,2016-02-29 00:00:00
20160301,Tuesday,1,1,61,3,March,1,1,10,2016,FALSE,2016-03-01 00:00:00
20160302,Wednesday,2,2,62,3,March,1,1,10,2016,FALSE,2016-03-02 00:00:00
20160303,Thursday,3,3,63,3,March,1,1,10,2016,FALSE,2016-03-03 00:00:00
20160304,Friday,4,4,64,3,March,1,1,10,2016,FALSE,2016-03-04 00:00:00
20160305,Saturday,5,5,65,3,March,1,1,10,2016,FALSE,2016-03-05 00:00:00
20160306,Sunday,6,6,66,3,March,1,1,10,2016,FALSE,2016-03-06 00:00:00
20160307,Monday,7,0,67,3,March,1,2,11,2016,FALSE,2016-03-07 00:00:00
20160308,Tuesday,8,1,68,3,March,1,2,11,2016,FALSE,2016-03-08 00:00:00
20160309,Wednesday,9,2,69,3,March,1,2,11,2016,FALSE,2016-03-09 00:00:00
20160310,Thursday,10,3,70,3,March,1,2,11,2016,FALSE,2016-03-10 00:00:00
20160311,Friday,11,4,71,3,March,1,2,11,2016,FALSE,2016-03-11 00:00:00
20160312,Saturday,12,5,72,3,March,1,2,11,2016,FALSE,2016-03-12 00:00:00
20160313,Sunday,13,6,73,3,March,1,2,11,2016,FALSE,2016-03-13 00:00:00
20160314,Monday,14,0,74,3,March,1,3,12,2016,FALSE,2016-03-14 00:00:00
20160315,Tuesday,15,1,75,3,March,1,3,12,2016,FALSE,2016-03-15 00:00:00
20160316,Wednesday,16,2,76,3,March,1,3,12,2016,FALSE,2016-03-16 00:00:00
20160317,Thursday,17,3,77,3,March,1,3,12,2016,FALSE,2016-03-17 00:00:00
20160318,Friday,18,4,78,3,March,1,3,12,2016,FALSE,2016-03-18 00:00:00
20160319,Saturday,19,5,79,3,March,1,3,12,2016,FALSE,2016-03-19 00:00:00
20160320,Sunday,20,6,80,3,March,1,3,12,2016,FALSE,2016-03-20 00:00:00
20160321,Monday,21,0,81,3,March,1,4,13,2016,FALSE,2016-03-21 00:00:00
20160322,Tuesday,22,1,82,3,March,1,4,13,2016,FALSE,2016-03-22 00:00:00
20160323,Wednesday,23,2,83,3,March,1,4,13,2016,FALSE,2016-03-23 00:00:00
20160324,Thursday,24,3,84,3,March,1,4,13,2016,FALSE,2016-03-24 00:00:00
20160325,Friday,25,4,85,3,March,1,4,13,2016,FALSE,2016-03-25 00:00:00
20160326,Saturday,26,5,86,3,March,1,4,13,2016,FALSE,2016-03-26 00:00:00
20160327,Sunday,27,6,87,3,March,1,4,13,2016,FALSE,2016-03-27 00:00:00
20160328,Monday,28,0,88,3,March,1,5,14,2016,FALSE,2016-03-28 00:00:00
20160329,Tuesday,29,1,89,3,March,1,5,14,2016,FALSE,2016-03-29 00:00:00
20160330,Wednesday,30,2,90,3,March,1,5,14,2016,FALSE,2016-03-30 00:00:00
20160331,Thursday,31,3,91,3,March,1,5,14,2016,FALSE,2016-03-31 00:00:00
20160401,Friday,1,4,92,4,April,2,1,14,2016,FALSE,2016-04-01 00:00:00
20160402,Saturday,2,5,93,4,April,2,1,14,2016,FALSE,2016-04-02 00:00:00
20160403,Sunday,3,6,94,4,April,2,1,14,2016,FALSE,2016-04-03 00:00:00
20160404,Monday,4,0,95,4,April,2,2,15,2016,FALSE,2016-04-04 00:00:00
20160405,Tuesday,5,1,96,4,April,2,2,15,2016,FALSE,2016-04-05 00:00:00
20160406,Wednesday,6,2,97,4,April,2,2,15,2016,FALSE,2016-04-06 00:00:00
20160407,Thursday,7,3,98,4,April,2,2,15,2016,FALSE,2016-04-07 00:00:00
20160408,Friday,8,4,99,4,April,2,2,15,2016,FALSE,2016-04-08 00:00:00
20160409,Saturday,9,5,100,4,April,2,2,15,2016,FALSE,2016-04-09 00:00:00
20160410,Sunday,10,6,101,4,April,2,2,15,2016,FALSE,2016-04-10 00:00:00
20160411,Monday,11,0,102,4,April,2,3,16,2016,FALSE,2016-04-11 00:00:00
20160412,Tuesday,12,1,103,4,April,2,3,16,2016,FALSE,2016-04-12 00:00:00
20160413,Wednesday,13,2,104,4,April,2,3,16,2016,FALSE,2016-04-13 00:00:00
20160414,Thursday,14,3,105,4,April,2,3,16,2016,FALSE,2016-04-14 00:00:00
20160415,Friday,15,4,106,4,April,2,3,16,2016,FALSE,2016-04-15 00:00:00
20160416,Saturday,16,5,107,4,April,2,3,16,2016,FALSE,2016-04-16 00:00:00
20160417,Sunday,17,6,108,4,April,2,3,16,2016,FALSE,2016-04-17 00:00:00
20160418,Monday,18,0,109,4,April,2,4,17,2016,FALSE,2016-04-18 00:00:00
20160419,Tuesday,19,1,110,4,April,2,4,17,2016,FALSE,2016-04-19 00:00:00
20160420,Wednesday,20,2,111,4,April,2,4,17,2016,FALSE,2016-04-20 00:00:00
20160421,Thursday,21,3,112,4,April,2,4,17,2016,FALSE,2016-04-21 00:00:00
20160422,Friday,22,4,113,4,April,2,4,17,2016,FALSE,2016-04-22 00:00:00
20160423,Saturday,23,5,114,4,April,2,4,17,2016,FALSE,2016-04-23 00:00:00
20160424,Sunday,24,6,115,4,April,2,4,17,2016,FALSE,2016-04-24 00:00:00
20160425,Monday,25,0,116,4,April,2,5,18,2016,FALSE,2016-04-25 00:00:00
20160426,Tuesday,26,1,117,4,April,2,5,18,2016,FALSE,2016-04-26 00:00:00
20160427,Wednesday,27,2,118,4,April,2,5,18,2016,FALSE,2016-04-27 00:00:00
20160428,Thursday,28,3,119,4,April,2,5,18,2016,FALSE,2016-04-28 00:00:00
20160429,Friday,29,4,120,4,April,2,5,18,2016,FALSE,2016-04-29 00:00:00
20160430,Saturday,30,5,121,4,April,2,5,18,2016,FALSE,2016-04-30 00:00:00
20160501,Sunday,1,6,122,5,May,2,1,18,2016,FALSE,2016-05-01 00:00:00
20160502,Monday,2,0,123,5,May,2,2,19,2016,FALSE,2016-05-02 00:00:00
20160503,Tuesday,3,1,124,5,May,2,2,19,2016,FALSE,2016-05-03 00:00:00
20160504,Wednesday,4,2,125,5,May,2,2,19,2016,FALSE,2016-05-04 00:00:00
20160505,Thursday,5,3,126,5,May,2,2,19,2016,FALSE,2016-05-05 00:00:00
20160506,Friday,6,4,127,5,May,2,2,19,2016,FALSE,2016-05-06 00:00:00
20160507,Saturday,7,5,128,5,May,2,2,19,2016,FALSE,2016-05-07 00:00:00
20160508,Sunday,8,6,129,5,May,2,2,19,2016,FALSE,2016-05-08 00:00:00
20160509,Monday,9,0,130,5,May,2,3,20,2016,FALSE,2016-05-09 00:00:00
20160510,Tuesday,10,1,131,5,May,2,3,20,2016,FALSE,2016-05-10 00:00:00
20160511,Wednesday,11,2,132,5,May,2,3,20,2016,FALSE,2016-05-11 00:00:00
20160512,Thursday,12,3,133,5,May,2,3,20,2016,FALSE,2016-05-12 00:00:00
20160513,Friday,13,4,134,5,May,2,3,20,2016,FALSE,2016-05-13 00:00:00
20160514,Saturday,14,5,135,5,May,2,3,20,2016,FALSE,2016-05-14 00:00:00
20160515,Sunday,15,6,136,5,May,2,3,20,2016,FALSE,2016-05-15 00:00:00
20160516,Monday,16,0,137,5,May,2,4,21,2016,FALSE,2016-05-16 00:00:00
20160517,Tuesday,17,1,138,5,May,2,4,21,2016,FALSE,2016-05-17 00:00:00
20160518,Wednesday,18,2,139,5,May,2,4,21,2016,FALSE,2016-05-18 00:00:00
20160519,Thursday,19,3,140,5,May,2,4,21,2016,FALSE,2016-05-19 00:00:00
20160520,Friday,20,4,141,5,May,2,4,21,2016,FALSE,2016-05-20 00:00:00
20160521,Saturday,21,5,142,5,May,2,4,21,2016,FALSE,2016-05-21 00:00:00
20160522,Sunday,22,6,143,5,May,2,4,21,2016,FALSE,2016-05-22 00:00:00
20160523,Monday,23,0,144,5,May,2,5,22,2016,FALSE,2016-05-23 00:00:00
20160524,Tuesday,24,1,145,5,May,2,5,22,2016,FALSE,2016-05-24 00:00:00
20160525,Wednesday,25,2,146,5,May,2,5,22,2016,FALSE,2016-05-25 00:00:00
20160526,Thursday,26,3,147,5,May,2,5,22,2016,FALSE,2016-05-26 00:00:00
20160527,Friday,27,4,148,5,May,2,5,22,2016,FALSE,2016-05-27 00:00:00
20160528,Saturday,28,5,149,5,May,2,5,22,2016,FALSE,2016-05-28 00:00:00
20160529,Sunday,29,6,150,5,May,2,5,22,2016,FALSE,2016-05-29 00:00:00
20160530,Monday,30,0,151,5,May,2,6,23,2016,FALSE,2016-05-30 00:00:00
20160531,Tuesday,31,1,152,5,May,2,6,23,2016,FALSE,2016-05-31 00:00:00
20160601,Wednesday,1,2,153,6,June,2,1,23,2016,FALSE,2016-06-01 00:00:00
20160602,Thursday,2,3,154,6,June,2,1,23,2016,FALSE,2016-06-02 00:00:00
20160603,Friday,3,4,155,6,June,2,1,23,2016,FALSE,2016-06-03 00:00:00
20160604,Saturday,4,5,156,6,June,2,1,23,2016,FALSE,2016-06-04 00:00:00
20160605,Sunday,5,6,157,6,June,2,1,23,2016,FALSE,2016-06-05 00:00:00
20160606,Monday,6,0,158,6,June,2,2,24,2016,FALSE,2016-06-06 00:00:00
20160607,Tuesday,7,1,159,6,June,2,2,24,2016,FALSE,2016-06-07 00:00:00
20160608,Wednesday,8,2,160,6,June,2,2,24,2016,FALSE,2016-06-08 00:00:00
20160609,Thursday,9,3,161,6,June,2,2,24,2016,FALSE,2016-06-09 00:00:00
20160610,Friday,10,4,162,6,June,2,2,24,2016,FALSE,2016-06-10 00:00:00
20160611,Saturday,11,5,163,6,June,2,2,24,2016,FALSE,2016-06-11 00:00:00
20160612,Sunday,12,6,164,6,June,2,2,24,2016,FALSE,2016-06-12 00:00:00
20160613,Monday,13,0,165,6,June,2,3,25,2016,FALSE,2016-06-13 00:00:00
20160614,Tuesday,14,1,166,6,June,2,3,25,2016,FALSE,2016-06-14 00:00:00
20160615,Wednesday,15,2,167,6,June,2,3,25,2016,FALSE,2016-06-15 00:00:00
20160616,Thursday,16,3,168,6,June,2,3,25,2016,FALSE,2016-06-16 00:00:00
20160617,Friday,17,4,169,6,June,2,3,25,2016,FALSE,2016-06-17 00:00:00
20160618,Saturday,18,5,170,6,June,2,3,25,2016,FALSE,2016-06-18 00:00:00
20160619,Sunday,19,6,171,6,June,2,3,25,2016,FALSE,2016-06-19 00:00:00
20160620,Monday,20,0,172,6,June,2,4,26,2016,FALSE,2016-06-20 00:00:00
20160621,Tuesday,21,1,173,6,June,2,4,26,2016,FALSE,2016-06-21 00:00:00
20160622,Wednesday,22,2,174,6,June,2,4,26,2016,FALSE,2016-06-22 00:00:00
20160623,Thursday,23,3,175,6,June,2,4,26,2016,FALSE,2016-06-23 00:00:00
20160624,Friday,24,4,176,6,June,2,4,26,2016,FALSE,2016-06-24 00:00:00
20160625,Saturday,25,5,177,6,June,2,4,26,2016,FALSE,2016-06-25 00:00:00
20160626,Sunday,26,6,178,6,June,2,4,26,2016,FALSE,2016-06-26 00:00:00
20160627,Monday,27,0,179,6,June,2,5,27,2016,FALSE,2016-06-27 00:00:00
20160628,Tuesday,28,1,180,6,June,2,5,27,2016,FALSE,2016-06-28 00:00:00
20160629,Wednesday,29,2,181,6,June,2,5,27,2016,FALSE,2016-06-29 00:00:00
20160630,Thursday,30,3,182,6,June,2,5,27,2016,FALSE,2016-06-30 00:00:00
20160701,Friday,1,4,183,7,July,3,1,27,2016,FALSE,2016-07-01 00:00:00
20160702,Saturday,2,5,184,7,July,3,1,27,2016,FALSE,2016-07-02 00:00:00
20160703,Sunday,3,6,185,7,July,3,1,27,2016,FALSE,2016-07-03 00:00:00
20160704,Monday,4,0,186,7,July,3,2,28,2016,FALSE,2016-07-04 00:00:00
20160705,Tuesday,5,1,187,7,July,3,2,28,2016,FALSE,2016-07-05 00:00:00
20160706,Wednesday,6,2,188,7,July,3,2,28,2016,FALSE,2016-07-06 00:00:00
20160707,Thursday,7,3,189,7,July,3,2,28,2016,FALSE,2016-07-07 00:00:00
20160708,Friday,8,4,190,7,July,3,2,28,2016,FALSE,2016-07-08 00:00:00
20160709,Saturday,9,5,191,7,July,3,2,28,2016,FALSE,2016-07-09 00:00:00
20160710,Sunday,10,6,192,7,July,3,2,28,2016,FALSE,2016-07-10 00:00:00
20160711,Monday,11,0,193,7,July,3,3,29,2016,FALSE,2016-07-11 00:00:00
20160712,Tuesday,12,1,194,7,July,3,3,29,2016,FALSE,2016-07-12 00:00:00
20160713,Wednesday,13,2,195,7,July,3,3,29,2016,FALSE,2016-07-13 00:00:00
20160714,Thursday,14,3,196,7,July,3,3,29,2016,FALSE,2016-07-14 00:00:00
20160715,Friday,15,4,197,7,July,3,3,29,2016,FALSE,2016-07-15 00:00:00
20160716,Saturday,16,5,198,7,July,3,3,29,2016,FALSE,2016-07-16 00:00:00
20160717,Sunday,17,6,199,7,July,3,3,29,2016,FALSE,2016-07-17 00:00:00
20160718,Monday,18,0,200,7,July,3,4,30,2016,FALSE,2016-07-18 00:00:00
20160719,Tuesday,19,1,201,7,July,3,4,30,2016,FALSE,2016-07-19 00:00:00
20160720,Wednesday,20,2,202,7,July,3,4,30,2016,FALSE,2016-07-20 00:00:00
20160721,Thursday,21,3,203,7,July,3,4,30,2016,FALSE,2016-07-21 00:00:00
20160722,Friday,22,4,204,7,July,3,4,30,2016,FALSE,2016-07-22 00:00:00
20160723,Saturday,23,5,205,7,July,3,4,30,2016,FALSE,2016-07-23 00:00:00
20160724,Sunday,24,6,206,7,July,3,4,30,2016,FALSE,2016-07-24 00:00:00
20160725,Monday,25,0,207,7,July,3,5,31,2016,FALSE,2016-07-25 00:00:00
20160726,Tuesday,26,1,208,7,July,3,5,31,2016,FALSE,2016-07-26 00:00:00
20160727,Wednesday,27,2,209,7,July,3,5,31,2016,FALSE,2016-07-27 00:00:00
20160728,Thursday,28,3,210,7,July,3,5,31,2016,FALSE,2016-07-28 00:00:00
20160729,Friday,29,4,211,7,July,3,5,31,2016,FALSE,2016-07-29 00:00:00
20160730,Saturday,30,5,212,7,July,3,5,31,2016,FALSE,2016-07-30 00:00:00
20160731,Sunday,31,6,213,7,July,3,5,31,2016,FALSE,2016-07-31 00:00:00
20160801,Monday,1,0,214,8,August,3,1,32,2016,FALSE,2016-08-01 00:00:00
20160802,Tuesday,2,1,215,8,August,3,1,32,2016,FALSE,2016-08-02 00:00:00
20160803,Wednesday,3,2,216,8,August,3,1,32,2016,FALSE,2016-08-03 00:00:00
20160804,Thursday,4,3,217,8,August,3,1,32,2016,FALSE,2016-08-04 00:00:00
20160805,Friday,5,4,218,8,August,3,1,32,2016,FALSE,2016-08-05 00:00:00
20160806,Saturday,6,5,219,8,August,3,1,32,2016,FALSE,2016-08-06 00:00:00
20160807,Sunday,7,6,220,8,August,3,1,32,2016,FALSE,2016-08-07 00:00:00
20160808,Monday,8,0,221,8,August,3,2,33,2016,FALSE,2016-08-08 00:00:00
20160809,Tuesday,9,1,222,8,August,3,2,33,2016,FALSE,2016-08-09 00:00:00
20160810,Wednesday,10,2,223,8,August,3,2,33,2016,FALSE,2016-08-10 00:00:00
20160811,Thursday,11,3,224,8,August,3,2,33,2016,FALSE,2016-08-11 00:00:00
20160812,Friday,12,4,225,8,August,3,2,33,2016,FALSE,2016-08-12 00:00:00
20160813,Saturday,13,5,226,8,August,3,2,33,2016,FALSE,2016-08-13 00:00:00
20160814,Sunday,14,6,227,8,August,3,2,33,2016,FALSE,2016-08-14 00:00:00
20160815,Monday,15,0,228,8,August,3,3,34,2016,FALSE,2016-08-15 00:00:00
20160816,Tuesday,16,1,229,8,August,3,3,34,2016,FALSE,2016-08-16 00:00:00
20160817,Wednesday,17,2,230,8,August,3,3,34,2016,FALSE,2016-08-17 00:00:00
20160818,Thursday,18,3,231,8,August,3,3,34,2016,FALSE,2016-08-18 00:00:00
20160819,Friday,19,4,232,8,August,3,3,34,2016,FALSE,2016-08-19 00:00:00
20160820,Saturday,20,5,233,8,August,3,3,34,2016,FALSE,2016-08-20 00:00:00
20160821,Sunday,21,6,234,8,August,3,3,34,2016,FALSE,2016-08-21 00:00:00
20160822,Monday,22,0,235,8,August,3,4,35,2016,FALSE,2016-08-22 00:00:00
20160823,Tuesday,23,1,236,8,August,3,4,35,2016,FALSE,2016-08-23 00:00:00
20160824,Wednesday,24,2,237,8,August,3,4,35,2016,FALSE,2016-08-24 00:00:00
20160825,Thursday,25,3,238,8,August,3,4,35,2016,FALSE,2016-08-25 00:00:00
20160826,Friday,26,4,239,8,August,3,4,35,2016,FALSE,2016-08-26 00:00:00
20160827,Saturday,27,5,240,8,August,3,4,35,2016,FALSE,2016-08-27 00:00:00
20160828,Sunday,28,6,241,8,August,3,4,35,2016,FALSE,2016-08-28 00:00:00
20160829,Monday,29,0,242,8,August,3,5,36,2016,FALSE,2016-08-29 00:00:00
20160830,Tuesday,30,1,243,8,August,3,5,36,2016,FALSE,2016-08-30 00:00:00
20160831,Wednesday,31,2,244,8,August,3,5,36,2016,FALSE,2016-08-31 00:00:00
20160901,Thursday,1,3,245,9,September,3,1,36,2016,FALSE,2016-09-01 00:00:00
20160902,Friday,2,4,246,9,September,3,1,36,2016,FALSE,2016-09-02 00:00:00
20160903,Saturday,3,5,247,9,September,3,1,36,2016,FALSE,2016-09-03 00:00:00
20160904,Sunday,4,6,248,9,September,3,1,36,2016,FALSE,2016-09-04 00:00:00
20160905,Monday,5,0,249,9,September,3,2,37,2016,FALSE,2016-09-05 00:00:00
20160906,Tuesday,6,1,250,9,September,3,2,37,2016,FALSE,2016-09-06 00:00:00
20160907,Wednesday,7,2,251,9,September,3,2,37,2016,FALSE,2016-09-07 00:00:00
20160908,Thursday,8,3,252,9,September,3,2,37,2016,FALSE,2016-09-08 00:00:00
20160909,Friday,9,4,253,9,September,3,2,37,2016,FALSE,2016-09-09 00:00:00
20160910,Saturday,10,5,254,9,September,3,2,37,2016,FALSE,2016-09-10 00:00:00
20160911,Sunday,11,6,255,9,September,3,2,37,2016,FALSE,2016-09-11 00:00:00
20160912,Monday,12,0,256,9,September,3,3,38,2016,FALSE,2016-09-12 00:00:00
20160913,Tuesday,13,1,257,9,September,3,3,38,2016,FALSE,2016-09-13 00:00:00
20160914,Wednesday,14,2,258,9,September,3,3,38,2016,FALSE,2016-09-14 00:00:00
20160915,Thursday,15,3,259,9,September,3,3,38,2016,FALSE,2016-09-15 00:00:00
20160916,Friday,16,4,260,9,September,3,3,38,2016,FALSE,2016-09-16 00:00:00
20160917,Saturday,17,5,261,9,September,3,3,38,2016,FALSE,2016-09-17 00:00:00
20160918,Sunday,18,6,262,9,September,3,3,38,2016,FALSE,2016-09-18 00:00:00
20160919,Monday,19,0,263,9,September,3,4,39,2016,FALSE,2016-09-19 00:00:00
20160920,Tuesday,20,1,264,9,September,3,4,39,2016,FALSE,2016-09-20 00:00:00
20160921,Wednesday,21,2,265,9,September,3,4,39,2016,FALSE,2016-09-21 00:00:00
20160922,Thursday,22,3,266,9,September,3,4,39,2016,FALSE,2016-09-22 00:00:00
20160923,Friday,23,4,267,9,September,3,4,39,2016,FALSE,2016-09-23 00:00:00
20160924,Saturday,24,5,268,9,September,3,4,39,2016,FALSE,2016-09-24 00:00:00
20160925,Sunday,25,6,269,9,September,3,4,39,2016,FALSE,2016-09-25 00:00:00
20160926,Monday,26,0,270,9,September,3,5,40,2016,FALSE,2016-09-26 00:00:00
20160927,Tuesday,27,1,271,9,September,3,5,40,2016,FALSE,2016-09-27 00:00:00
20160928,Wednesday,28,2,272,9,September,3,5,40,2016,FALSE,2016-09-28 00:00:00
20160929,Thursday,29,3,273,9,September,3,5,40,2016,FALSE,2016-09-29 00:00:00
20160930,Friday,30,4,274,9,September,3,5,40,2016,FALSE,2016-09-30 00:00:00
20161001,Saturday,1,5,275,10,October,4,1,40,2016,FALSE,2016-10-01 00:00:00
20161002,Sunday,2,6,276,10,October,4,1,40,2016,FALSE,2016-10-02 00:00:00
20161003,Monday,3,0,277,10,October,4,2,41,2016,FALSE,2016-10-03 00:00:00
20161004,Tuesday,4,1,278,10,October,4,2,41,2016,FALSE,2016-10-04 00:00:00
20161005,Wednesday,5,2,279,10,October,4,2,41,2016,FALSE,2016-10-05 00:00:00
20161006,Thursday,6,3,280,10,October,4,2,41,2016,FALSE,2016-10-06 00:00:00
20161007,Friday,7,4,281,10,October,4,2,41,2016,FALSE,2016-10-07 00:00:00
20161008,Saturday,8,5,282,10,October,4,2,41,2016,FALSE,2016-10-08 00:00:00
20161009,Sunday,9,6,283,10,October,4,2,41,2016,FALSE,2016-10-09 00:00:00
20161010,Monday,10,0,284,10,October,4,3,42,2016,FALSE,2016-10-10 00:00:00
20161011,Tuesday,11,1,285,10,October,4,3,42,2016,FALSE,2016-10-11 00:00:00
20161012,Wednesday,12,2,286,10,October,4,3,42,2016,FALSE,2016-10-12 00:00:00
20161013,Thursday,13,3,287,10,October,4,3,42,2016,FALSE,2016-10-13 00:00:00
20161014,Friday,14,4,288,10,October,4,3,42,2016,FALSE,2016-10-14 00:00:00
20161015,Saturday,15,5,289,10,October,4,3,42,2016,FALSE,2016-10-15 00:00:00
20161016,Sunday,16,6,290,10,October,4,3,42,2016,FALSE,2016-10-16 00:00:00
20161017,Monday,17,0,291,10,October,4,4,43,2016,FALSE,2016-10-17 00:00:00
20161018,Tuesday,18,1,292,10,October,4,4,43,2016,FALSE,2016-10-18 00:00:00
20161019,Wednesday,19,2,293,10,October,4,4,43,2016,FALSE,2016-10-19 00:00:00
20161020,Thursday,20,3,294,10,October,4,4,43,2016,FALSE,2016-10-20 00:00:00
20161021,Friday,21,4,295,10,October,4,4,43,2016,FALSE,2016-10-21 00:00:00
20161022,Saturday,22,5,296,10,October,4,4,43,2016,FALSE,2016-10-22 00:00:00
20161023,Sunday,23,6,297,10,October,4,4,43,2016,FALSE,2016-10-23 00:00:00
20161024,Monday,24,0,298,10,October,4,5,44,2016,FALSE,2016-10-24 00:00:00
20161025,Tuesday,25,1,299,10,October,4,5,44,2016,FALSE,2016-10-25 00:00:00
20161026,Wednesday,26,2,300,10,October,4,5,44,2016,FALSE,2016-10-26 00:00:00
20161027,Thursday,27,3,301,10,October,4,5,44,2016,FALSE,2016-10-27 00:00:00
20161028,Friday,28,4,302,10,October,4,5,44,2016,FALSE,2016-10-28 00:00:00
20161029,Saturday,29,5,303,10,October,4,5,44,2016,FALSE,2016-10-29 00:00:00
20161030,Sunday,30,6,304,10,October,4,5,44,2016,FALSE,2016-10-30 00:00:00
20161031,Monday,31,0,305,10,October,4,6,45,2016,FALSE,2016-10-31 00:00:00
20161101,Tuesday,1,1,306,11,November,4,1,45,2016,FALSE,2016-11-01 00:00:00
20161102,Wednesday,2,2,307,11,November,4,1,45,2016,FALSE,2016-11-02 00:00:00
20161103,Thursday,3,3,308,11,November,4,1,45,2016,FALSE,2016-11-03 00:00:00
20161104,Friday,4,4,309,11,November,4,1,45,2016,FALSE,2016-11-04 00:00:00
20161105,Saturday,5,5,310,11,November,4,1,45,2016,FALSE,2016-11-05 00:00:00
20161106,Sunday,6,6,311,11,November,4,1,45,2016,FALSE,2016-11-06 00:00:00
20161107,Monday,7,0,312,11,November,4,2,46,2016,FALSE,2016-11-07 00:00:00
20161108,Tuesday,8,1,313,11,November,4,2,46,2016,FALSE,2016-11-08 00:00:00
20161109,Wednesday,9,2,314,11,November,4,2,46,2016,FALSE,2016-11-09 00:00:00
20161110,Thursday,10,3,315,11,November,4,2,46,2016,FALSE,2016-11-10 00:00:00
20161111,Friday,11,4,316,11,November,4,2,46,2016,FALSE,2016-11-11 00:00:00
20161112,Saturday,12,5,317,11,November,4,2,46,2016,FALSE,2016-11-12 00:00:00
20161113,Sunday,13,6,318,11,November,4,2,46,2016,FALSE,2016-11-13 00:00:00
20161114,Monday,14,0,319,11,November,4,3,47,2016,FALSE,2016-11-14 00:00:00
20161115,Tuesday,15,1,320,11,November,4,3,47,2016,FALSE,2016-11-15 00:00:00
20161116,Wednesday,16,2,321,11,November,4,3,47,2016,FALSE,2016-11-16 00:00:00
20161117,Thursday,17,3,322,11,November,4,3,47,2016,FALSE,2016-11-17 00:00:00
20161118,Friday,18,4,323,11,November,4,3,47,2016,FALSE,2016-11-18 00:00:00
20161119,Saturday,19,5,324,11,November,4,3,47,2016,FALSE,2016-11-19 00:00:00
20161120,Sunday,20,6,325,11,November,4,3,47,2016,FALSE,2016-11-20 00:00:00
20161121,Monday,21,0,326,11,November,4,4,48,2016,FALSE,2016-11-21 00:00:00
20161122,Tuesday,22,1,327,11,November,4,4,48,2016,FALSE,2016-11-22 00:00:00
20161123,Wednesday,23,2,328,11,November,4,4,48,2016,FALSE,2016-11-23 00:00:00
20161124,Thursday,24,3,329,11,November,4,4,48,2016,FALSE,2016-11-24 00:00:00
20161125,Friday,25,4,330,11,November,4,4,48,2016,FALSE,2016-11-25 00:00:00
20161126,Saturday,26,5,331,11,November,4,4,48,2016,FALSE,2016-11-26 00:00:00
20161127,Sunday,27,6,332,11,November,4,4,48,2016,FALSE,2016-11-27 00:00:00
20161128,Monday,28,0,333,11,November,4,5,49,2016,FALSE,2016-11-28 00:00:00
20161129,Tuesday,29,1,334,11,November,4,5,49,2016,FALSE,2016-11-29 00:00:00
20161130,Wednesday,30,2,335,11,November,4,5,49,2016,FALSE,2016-11-30 00:00:00
20161201,Thursday,1,3,336,12,December,4,1,49,2016,FALSE,2016-12-01 00:00:00
20161202,Friday,2,4,337,12,December,4,1,49,2016,FALSE,2016-12-02 00:00:00
20161203,Saturday,3,5,338,12,December,4,1,49,2016,FALSE,2016-12-03 00:00:00
20161204,Sunday,4,6,339,12,December,4,1,49,2016,FALSE,2016-12-04 00:00:00
20161205,Monday,5,0,340,12,December,4,2,50,2016,FALSE,2016-12-05 00:00:00
20161206,Tuesday,6,1,341,12,December,4,2,50,2016,FALSE,2016-12-06 00:00:00
20161207,Wednesday,7,2,342,12,December,4,2,50,2016,FALSE,2016-12-07 00:00:00
20161208,Thursday,8,3,343,12,December,4,2,50,2016,FALSE,2016-12-08 00:00:00
20161209,Friday,9,4,344,12,December,4,2,50,2016,FALSE,2016-12-09 00:00:00
20161210,Saturday,10,5,345,12,December,4,2,50,2016,FALSE,2016-12-10 00:00:00
20161211,Sunday,11,6,346,12,December,4,2,50,2016,FALSE,2016-12-11 00:00:00
20161212,Monday,12,0,347,12,December,4,3,51,2016,FALSE,2016-12-12 00:00:00
20161213,Tuesday,13,1,348,12,December,4,3,51,2016,FALSE,2016-12-13 00:00:00
20161214,Wednesday,14,2,349,12,December,4,3,51,2016,FALSE,2016-12-14 00:00:00
20161215,Thursday,15,3,350,12,December,4,3,51,2016,FALSE,2016-12-15 00:00:00
20161216,Friday,16,4,351,12,December,4,3,51,2016,FALSE,2016-12-16 00:00:00
20161217,Saturday,17,5,352,12,December,4,3,51,2016,FALSE,2016-12-17 00:00:00
20161218,Sunday,18,6,353,12,December,4,3,51,2016,FALSE,2016-12-18 00:00:00
20161219,Monday,19,0,354,12,December,4,4,52,2016,FALSE,2016-12-19 00:00:00
20161220,Tuesday,20,1,355,12,December,4,4,52,2016,FALSE,2016-12-20 00:00:00
20161221,Wednesday,21,2,356,12,December,4,4,52,2016,FALSE,2016-12-21 00:00:00
20161222,Thursday,22,3,357,12,December,4,4,52,2016,FALSE,2016-12-22 00:00:00
20161223,Friday,23,4,358,12,December,4,4,52,2016,FALSE,2016-12-23 00:00:00
20161224,Saturday,24,5,359,12,December,4,4,52,2016,FALSE,2016-12-24 00:00:00
20161225,Sunday,25,6,360,12,December,4,4,52,2016,FALSE,2016-12-25 00:00:00
20161226,Monday,26,0,361,12,December,4,5,53,2016,FALSE,2016-12-26 00:00:00
20161227,Tuesday,27,1,362,12,December,4,5,53,2016,FALSE,2016-12-27 00:00:00
20161228,Wednesday,28,2,363,12,December,4,5,53,2016,FALSE,2016-12-28 00:00:00
20161229,Thursday,29,3,364,12,December,4,5,53,2016,FALSE,2016-12-29 00:00:00
20161230,Friday,30,4,365,12,December,4,5,53,2016,FALSE,2016-12-30 00:00:00
20161231,Saturday,31,5,366,12,December,4,5,53,2016,FALSE,2016-12-31 00:00:00
20170101,Sunday,1,6,1,1,January,1,1,1,2017,FALSE,2017-01-01 00:00:00
20170102,Monday,2,0,2,1,January,1,2,2,2017,FALSE,2017-01-02 00:00:00
20170103,Tuesday,3,1,3,1,January,1,2,2,2017,FALSE,2017-01-03 00:00:00
20170104,Wednesday,4,2,4,1,January,1,2,2,2017,FALSE,2017-01-04 00:00:00
20170105,Thursday,5,3,5,1,January,1,2,2,2017,FALSE,2017-01-05 00:00:00
20170106,Friday,6,4,6,1,January,1,2,2,2017,FALSE,2017-01-06 00:00:00
20170107,Saturday,7,5,7,1,January,1,2,2,2017,FALSE,2017-01-07 00:00:00
20170108,Sunday,8,6,8,1,January,1,2,2,2017,FALSE,2017-01-08 00:00:00
20170109,Monday,9,0,9,1,January,1,3,3,2017,FALSE,2017-01-09 00:00:00
20170110,Tuesday,10,1,10,1,January,1,3,3,2017,FALSE,2017-01-10 00:00:00
20170111,Wednesday,11,2,11,1,January,1,3,3,2017,FALSE,2017-01-11 00:00:00
20170112,Thursday,12,3,12,1,January,1,3,3,2017,FALSE,2017-01-12 00:00:00
20170113,Friday,13,4,13,1,January,1,3,3,2017,FALSE,2017-01-13 00:00:00
20170114,Saturday,14,5,14,1,January,1,3,3,2017,FALSE,2017-01-14 00:00:00
20170115,Sunday,15,6,15,1,January,1,3,3,2017,FALSE,2017-01-15 00:00:00
20170116,Monday,16,0,16,1,January,1,4,4,2017,FALSE,2017-01-16 00:00:00
20170117,Tuesday,17,1,17,1,January,1,4,4,2017,FALSE,2017-01-17 00:00:00
20170118,Wednesday,18,2,18,1,January,1,4,4,2017,FALSE,2017-01-18 00:00:00
20170119,Thursday,19,3,19,1,January,1,4,4,2017,FALSE,2017-01-19 00:00:00
20170120,Friday,20,4,20,1,January,1,4,4,2017,FALSE,2017-01-20 00:00:00
20170121,Saturday,21,5,21,1,January,1,4,4,2017,FALSE,2017-01-21 00:00:00
20170122,Sunday,22,6,22,1,January,1,4,4,2017,FALSE,2017-01-22 00:00:00
20170123,Monday,23,0,23,1,January,1,5,5,2017,FALSE,2017-01-23 00:00:00
20170124,Tuesday,24,1,24,1,January,1,5,5,2017,FALSE,2017-01-24 00:00:00
20170125,Wednesday,25,2,25,1,January,1,5,5,2017,FALSE,2017-01-25 00:00:00
20170126,Thursday,26,3,26,1,January,1,5,5,2017,FALSE,2017-01-26 00:00:00
20170127,Friday,27,4,27,1,January,1,5,5,2017,FALSE,2017-01-27 00:00:00
20170128,Saturday,28,5,28,1,January,1,5,5,2017,FALSE,2017-01-28 00:00:00
20170129,Sunday,29,6,29,1,January,1,5,5,2017,FALSE,2017-01-29 00:00:00
20170130,Monday,30,0,30,1,January,1,6,6,2017,FALSE,2017-01-30 00:00:00
20170131,Tuesday,31,1,31,1,January,1,6,6,2017,FALSE,2017-01-31 00:00:00
20170201,Wednesday,1,2,32,2,February,1,1,6,2017,FALSE,2017-02-01 00:00:00
20170202,Thursday,2,3,33,2,February,1,1,6,2017,FALSE,2017-02-02 00:00:00
20170203,Friday,3,4,34,2,February,1,1,6,2017,FALSE,2017-02-03 00:00:00
20170204,Saturday,4,5,35,2,February,1,1,6,2017,FALSE,2017-02-04 00:00:00
20170205,Sunday,5,6,36,2,February,1,1,6,2017,FALSE,2017-02-05 00:00:00
20170206,Monday,6,0,37,2,February,1,2,7,2017,FALSE,2017-02-06 00:00:00
20170207,Tuesday,7,1,38,2,February,1,2,7,2017,FALSE,2017-02-07 00:00:00
20170208,Wednesday,8,2,39,2,February,1,2,7,2017,FALSE,2017-02-08 00:00:00
20170209,Thursday,9,3,40,2,February,1,2,7,2017,FALSE,2017-02-09 00:00:00
20170210,Friday,10,4,41,2,February,1,2,7,2017,FALSE,2017-02-10 00:00:00
20170211,Saturday,11,5,42,2,February,1,2,7,2017,FALSE,2017-02-11 00:00:00
20170212,Sunday,12,6,43,2,February,1,2,7,2017,FALSE,2017-02-12 00:00:00
20170213,Monday,13,0,44,2,February,1,3,8,2017,FALSE,2017-02-13 00:00:00
20170214,Tuesday,14,1,45,2,February,1,3,8,2017,FALSE,2017-02-14 00:00:00
20170215,Wednesday,15,2,46,2,February,1,3,8,2017,FALSE,2017-02-15 00:00:00
20170216,Thursday,16,3,47,2,February,1,3,8,2017,FALSE,2017-02-16 00:00:00
20170217,Friday,17,4,48,2,February,1,3,8,2017,FALSE,2017-02-17 00:00:00
20170218,Saturday,18,5,49,2,February,1,3,8,2017,FALSE,2017-02-18 00:00:00
20170219,Sunday,19,6,50,2,February,1,3,8,2017,FALSE,2017-02-19 00:00:00
20170220,Monday,20,0,51,2,February,1,4,9,2017,FALSE,2017-02-20 00:00:00
20170221,Tuesday,21,1,52,2,February,1,4,9,2017,FALSE,2017-02-21 00:00:00
20170222,Wednesday,22,2,53,2,February,1,4,9,2017,FALSE,2017-02-22 00:00:00
20170223,Thursday,23,3,54,2,February,1,4,9,2017,FALSE,2017-02-23 00:00:00
20170224,Friday,24,4,55,2,February,1,4,9,2017,FALSE,2017-02-24 00:00:00
20170225,Saturday,25,5,56,2,February,1,4,9,2017,FALSE,2017-02-25 00:00:00
20170226,Sunday,26,6,57,2,February,1,4,9,2017,FALSE,2017-02-26 00:00:00
20170227,Monday,27,0,58,2,February,1,5,10,2017,FALSE,2017-02-27 00:00:00
20170228,Tuesday,28,1,59,2,February,1,5,10,2017,FALSE,2017-02-28 00:00:00
20170301,Wednesday,1,2,60,3,March,1,1,10,2017,FALSE,2017-03-01 00:00:00
20170302,Thursday,2,3,61,3,March,1,1,10,2017,FALSE,2017-03-02 00:00:00
20170303,Friday,3,4,62,3,March,1,1,10,2017,FALSE,2017-03-03 00:00:00
20170304,Saturday,4,5,63,3,March,1,1,10,2017,FALSE,2017-03-04 00:00:00
20170305,Sunday,5,6,64,3,March,1,1,10,2017,FALSE,2017-03-05 00:00:00
20170306,Monday,6,0,65,3,March,1,2,11,2017,FALSE,2017-03-06 00:00:00
20170307,Tuesday,7,1,66,3,March,1,2,11,2017,FALSE,2017-03-07 00:00:00
20170308,Wednesday,8,2,67,3,March,1,2,11,2017,FALSE,2017-03-08 00:00:00
20170309,Thursday,9,3,68,3,March,1,2,11,2017,FALSE,2017-03-09 00:00:00
20170310,Friday,10,4,69,3,March,1,2,11,2017,FALSE,2017-03-10 00:00:00
20170311,Saturday,11,5,70,3,March,1,2,11,2017,FALSE,2017-03-11 00:00:00
20170312,Sunday,12,6,71,3,March,1,2,11,2017,FALSE,2017-03-12 00:00:00
20170313,Monday,13,0,72,3,March,1,3,12,2017,FALSE,2017-03-13 00:00:00
20170314,Tuesday,14,1,73,3,March,1,3,12,2017,FALSE,2017-03-14 00:00:00
20170315,Wednesday,15,2,74,3,March,1,3,12,2017,FALSE,2017-03-15 00:00:00
20170316,Thursday,16,3,75,3,March,1,3,12,2017,FALSE,2017-03-16 00:00:00
20170317,Friday,17,4,76,3,March,1,3,12,2017,FALSE,2017-03-17 00:00:00
20170318,Saturday,18,5,77,3,March,1,3,12,2017,FALSE,2017-03-18 00:00:00
20170319,Sunday,19,6,78,3,March,1,3,12,2017,FALSE,2017-03-19 00:00:00
20170320,Monday,20,0,79,3,March,1,4,13,2017,FALSE,2017-03-20 00:00:00
20170321,Tuesday,21,1,80,3,March,1,4,13,2017,FALSE,2017-03-21 00:00:00
20170322,Wednesday,22,2,81,3,March,1,4,13,2017,FALSE,2017-03-22 00:00:00
20170323,Thursday,23,3,82,3,March,1,4,13,2017,FALSE,2017-03-23 00:00:00
20170324,Friday,24,4,83,3,March,1,4,13,2017,FALSE,2017-03-24 00:00:00
20170325,Saturday,25,5,84,3,March,1,4,13,2017,FALSE,2017-03-25 00:00:00
20170326,Sunday,26,6,85,3,March,1,4,13,2017,FALSE,2017-03-26 00:00:00
20170327,Monday,27,0,86,3,March,1,5,14,2017,FALSE,2017-03-27 00:00:00
20170328,Tuesday,28,1,87,3,March,1,5,14,2017,FALSE,2017-03-28 00:00:00
20170329,Wednesday,29,2,88,3,March,1,5,14,2017,FALSE,2017-03-29 00:00:00
20170330,Thursday,30,3,89,3,March,1,5,14,2017,FALSE,2017-03-30 00:00:00
20170331,Friday,31,4,90,3,March,1,5,14,2017,FALSE,2017-03-31 00:00:00
20170401,Saturday,1,5,91,4,April,2,1,14,2017,FALSE,2017-04-01 00:00:00
20170402,Sunday,2,6,92,4,April,2,1,14,2017,FALSE,2017-04-02 00:00:00
20170403,Monday,3,0,93,4,April,2,2,15,2017,FALSE,2017-04-03 00:00:00
20170404,Tuesday,4,1,94,4,April,2,2,15,2017,FALSE,2017-04-04 00:00:00
20170405,Wednesday,5,2,95,4,April,2,2,15,2017,FALSE,2017-04-05 00:00:00
20170406,Thursday,6,3,96,4,April,2,2,15,2017,FALSE,2017-04-06 00:00:00
20170407,Friday,7,4,97,4,April,2,2,15,2017,FALSE,2017-04-07 00:00:00
20170408,Saturday,8,5,98,4,April,2,2,15,2017,FALSE,2017-04-08 00:00:00
20170409,Sunday,9,6,99,4,April,2,2,15,2017,FALSE,2017-04-09 00:00:00
20170410,Monday,10,0,100,4,April,2,3,16,2017,FALSE,2017-04-10 00:00:00
20170411,Tuesday,11,1,101,4,April,2,3,16,2017,FALSE,2017-04-11 00:00:00
20170412,Wednesday,12,2,102,4,April,2,3,16,2017,FALSE,2017-04-12 00:00:00
20170413,Thursday,13,3,103,4,April,2,3,16,2017,FALSE,2017-04-13 00:00:00
20170414,Friday,14,4,104,4,April,2,3,16,2017,FALSE,2017-04-14 00:00:00
20170415,Saturday,15,5,105,4,April,2,3,16,2017,FALSE,2017-04-15 00:00:00
20170416,Sunday,16,6,106,4,April,2,3,16,2017,FALSE,2017-04-16 00:00:00
20170417,Monday,17,0,107,4,April,2,4,17,2017,FALSE,2017-04-17 00:00:00
20170418,Tuesday,18,1,108,4,April,2,4,17,2017,FALSE,2017-04-18 00:00:00
20170419,Wednesday,19,2,109,4,April,2,4,17,2017,FALSE,2017-04-19 00:00:00
20170420,Thursday,20,3,110,4,April,2,4,17,2017,FALSE,2017-04-20 00:00:00
20170421,Friday,21,4,111,4,April,2,4,17,2017,FALSE,2017-04-21 00:00:00
20170422,Saturday,22,5,112,4,April,2,4,17,2017,FALSE,2017-04-22 00:00:00
20170423,Sunday,23,6,113,4,April,2,4,17,2017,FALSE,2017-04-23 00:00:00
20170424,Monday,24,0,114,4,April,2,5,18,2017,FALSE,2017-04-24 00:00:00
20170425,Tuesday,25,1,115,4,April,2,5,18,2017,FALSE,2017-04-25 00:00:00
20170426,Wednesday,26,2,116,4,April,2,5,18,2017,FALSE,2017-04-26 00:00:00
20170427,Thursday,27,3,117,4,April,2,5,18,2017,FALSE,2017-04-27 00:00:00
20170428,Friday,28,4,118,4,April,2,5,18,2017,FALSE,2017-04-28 00:00:00
20170429,Saturday,29,5,119,4,April,2,5,18,2017,FALSE,2017-04-29 00:00:00
20170430,Sunday,30,6,120,4,April,2,5,18,2017,FALSE,2017-04-30 00:00:00
20170501,Monday,1,0,121,5,May,2,1,19,2017,FALSE,2017-05-01 00:00:00
20170502,Tuesday,2,1,122,5,May,2,1,19,2017,FALSE,2017-05-02 00:00:00
20170503,Wednesday,3,2,123,5,May,2,1,19,2017,FALSE,2017-05-03 00:00:00
20170504,Thursday,4,3,124,5,May,2,1,19,2017,FALSE,2017-05-04 00:00:00
20170505,Friday,5,4,125,5,May,2,1,19,2017,FALSE,2017-05-05 00:00:00
20170506,Saturday,6,5,126,5,May,2,1,19,2017,FALSE,2017-05-06 00:00:00
20170507,Sunday,7,6,127,5,May,2,1,19,2017,FALSE,2017-05-07 00:00:00
20170508,Monday,8,0,128,5,May,2,2,20,2017,FALSE,2017-05-08 00:00:00
20170509,Tuesday,9,1,129,5,May,2,2,20,2017,FALSE,2017-05-09 00:00:00
20170510,Wednesday,10,2,130,5,May,2,2,20,2017,FALSE,2017-05-10 00:00:00
20170511,Thursday,11,3,131,5,May,2,2,20,2017,FALSE,2017-05-11 00:00:00
20170512,Friday,12,4,132,5,May,2,2,20,2017,FALSE,2017-05-12 00:00:00
20170513,Saturday,13,5,133,5,May,2,2,20,2017,FALSE,2017-05-13 00:00:00
20170514,Sunday,14,6,134,5,May,2,2,20,2017,FALSE,2017-05-14 00:00:00
20170515,Monday,15,0,135,5,May,2,3,21,2017,FALSE,2017-05-15 00:00:00
20170516,Tuesday,16,1,136,5,May,2,3,21,2017,FALSE,2017-05-16 00:00:00
20170517,Wednesday,17,2,137,5,May,2,3,21,2017,FALSE,2017-05-17 00:00:00
20170518,Thursday,18,3,138,5,May,2,3,21,2017,FALSE,2017-05-18 00:00:00
20170519,Friday,19,4,139,5,May,2,3,21,2017,FALSE,2017-05-19 00:00:00
20170520,Saturday,20,5,140,5,May,2,3,21,2017,FALSE,2017-05-20 00:00:00
20170521,Sunday,21,6,141,5,May,2,3,21,2017,FALSE,2017-05-21 00:00:00
20170522,Monday,22,0,142,5,May,2,4,22,2017,FALSE,2017-05-22 00:00:00
20170523,Tuesday,23,1,143,5,May,2,4,22,2017,FALSE,2017-05-23 00:00:00
20170524,Wednesday,24,2,144,5,May,2,4,22,2017,FALSE,2017-05-24 00:00:00
20170525,Thursday,25,3,145,5,May,2,4,22,2017,FALSE,2017-05-25 00:00:00
20170526,Friday,26,4,146,5,May,2,4,22,2017,FALSE,2017-05-26 00:00:00
20170527,Saturday,27,5,147,5,May,2,4,22,2017,FALSE,2017-05-27 00:00:00
20170528,Sunday,28,6,148,5,May,2,4,22,2017,FALSE,2017-05-28 00:00:00
20170529,Monday,29,0,149,5,May,2,5,23,2017,FALSE,2017-05-29 00:00:00
20170530,Tuesday,30,1,150,5,May,2,5,23,2017,FALSE,2017-05-30 00:00:00
20170531,Wednesday,31,2,151,5,May,2,5,23,2017,FALSE,2017-05-31 00:00:00
20170601,Thursday,1,3,152,6,June,2,1,23,2017,FALSE,2017-06-01 00:00:00
20170602,Friday,2,4,153,6,June,2,1,23,2017,FALSE,2017-06-02 00:00:00
20170603,Saturday,3,5,154,6,June,2,1,23,2017,FALSE,2017-06-03 00:00:00
20170604,Sunday,4,6,155,6,June,2,1,23,2017,FALSE,2017-06-04 00:00:00
20170605,Monday,5,0,156,6,June,2,2,24,2017,FALSE,2017-06-05 00:00:00
20170606,Tuesday,6,1,157,6,June,2,2,24,2017,FALSE,2017-06-06 00:00:00
20170607,Wednesday,7,2,158,6,June,2,2,24,2017,FALSE,2017-06-07 00:00:00
20170608,Thursday,8,3,159,6,June,2,2,24,2017,FALSE,2017-06-08 00:00:00
20170609,Friday,9,4,160,6,June,2,2,24,2017,FALSE,2017-06-09 00:00:00
20170610,Saturday,10,5,161,6,June,2,2,24,2017,FALSE,2017-06-10 00:00:00
20170611,Sunday,11,6,162,6,June,2,2,24,2017,FALSE,2017-06-11 00:00:00
20170612,Monday,12,0,163,6,June,2,3,25,2017,FALSE,2017-06-12 00:00:00
20170613,Tuesday,13,1,164,6,June,2,3,25,2017,FALSE,2017-06-13 00:00:00
20170614,Wednesday,14,2,165,6,June,2,3,25,2017,FALSE,2017-06-14 00:00:00
20170615,Thursday,15,3,166,6,June,2,3,25,2017,FALSE,2017-06-15 00:00:00
20170616,Friday,16,4,167,6,June,2,3,25,2017,FALSE,2017-06-16 00:00:00
20170617,Saturday,17,5,168,6,June,2,3,25,2017,FALSE,2017-06-17 00:00:00
20170618,Sunday,18,6,169,6,June,2,3,25,2017,FALSE,2017-06-18 00:00:00
20170619,Monday,19,0,170,6,June,2,4,26,2017,FALSE,2017-06-19 00:00:00
20170620,Tuesday,20,1,171,6,June,2,4,26,2017,FALSE,2017-06-20 00:00:00
20170621,Wednesday,21,2,172,6,June,2,4,26,2017,FALSE,2017-06-21 00:00:00
20170622,Thursday,22,3,173,6,June,2,4,26,2017,FALSE,2017-06-22 00:00:00
20170623,Friday,23,4,174,6,June,2,4,26,2017,FALSE,2017-06-23 00:00:00
20170624,Saturday,24,5,175,6,June,2,4,26,2017,FALSE,2017-06-24 00:00:00
20170625,Sunday,25,6,176,6,June,2,4,26,2017,FALSE,2017-06-25 00:00:00
20170626,Monday,26,0,177,6,June,2,5,27,2017,FALSE,2017-06-26 00:00:00
20170627,Tuesday,27,1,178,6,June,2,5,27,2017,FALSE,2017-06-27 00:00:00
20170628,Wednesday,28,2,179,6,June,2,5,27,2017,FALSE,2017-06-28 00:00:00
20170629,Thursday,29,3,180,6,June,2,5,27,2017,FALSE,2017-06-29 00:00:00
20170630,Friday,30,4,181,6,June,2,5,27,2017,FALSE,2017-06-30 00:00:00
20170701,Saturday,1,5,182,7,July,3,1,27,2017,FALSE,2017-07-01 00:00:00
20170702,Sunday,2,6,183,7,July,3,1,27,2017,FALSE,2017-07-02 00:00:00
20170703,Monday,3,0,184,7,July,3,2,28,2017,FALSE,2017-07-03 00:00:00
20170704,Tuesday,4,1,185,7,July,3,2,28,2017,FALSE,2017-07-04 00:00:00
20170705,Wednesday,5,2,186,7,July,3,2,28,2017,FALSE,2017-07-05 00:00:00
20170706,Thursday,6,3,187,7,July,3,2,28,2017,FALSE,2017-07-06 00:00:00
20170707,Friday,7,4,188,7,July,3,2,28,2017,FALSE,2017-07-07 00:00:00
20170708,Saturday,8,5,189,7,July,3,2,28,2017,FALSE,2017-07-08 00:00:00
20170709,Sunday,9,6,190,7,July,3,2,28,2017,FALSE,2017-07-09 00:00:00
20170710,Monday,10,0,191,7,July,3,3,29,2017,FALSE,2017-07-10 00:00:00
20170711,Tuesday,11,1,192,7,July,3,3,29,2017,FALSE,2017-07-11 00:00:00
20170712,Wednesday,12,2,193,7,July,3,3,29,2017,FALSE,2017-07-12 00:00:00
20170713,Thursday,13,3,194,7,July,3,3,29,2017,FALSE,2017-07-13 00:00:00
20170714,Friday,14,4,195,7,July,3,3,29,2017,FALSE,2017-07-14 00:00:00
20170715,Saturday,15,5,196,7,July,3,3,29,2017,FALSE,2017-07-15 00:00:00
20170716,Sunday,16,6,197,7,July,3,3,29,2017,FALSE,2017-07-16 00:00:00
20170717,Monday,17,0,198,7,July,3,4,30,2017,FALSE,2017-07-17 00:00:00
20170718,Tuesday,18,1,199,7,July,3,4,30,2017,FALSE,2017-07-18 00:00:00
20170719,Wednesday,19,2,200,7,July,3,4,30,2017,FALSE,2017-07-19 00:00:00
20170720,Thursday,20,3,201,7,July,3,4,30,2017,FALSE,2017-07-20 00:00:00
20170721,Friday,21,4,202,7,July,3,4,30,2017,FALSE,2017-07-21 00:00:00
20170722,Saturday,22,5,203,7,July,3,4,30,2017,FALSE,2017-07-22 00:00:00
20170723,Sunday,23,6,204,7,July,3,4,30,2017,FALSE,2017-07-23 00:00:00
20170724,Monday,24,0,205,7,July,3,5,31,2017,FALSE,2017-07-24 00:00:00
20170725,Tuesday,25,1,206,7,July,3,5,31,2017,FALSE,2017-07-25 00:00:00
20170726,Wednesday,26,2,207,7,July,3,5,31,2017,FALSE,2017-07-26 00:00:00
20170727,Thursday,27,3,208,7,July,3,5,31,2017,FALSE,2017-07-27 00:00:00
20170728,Friday,28,4,209,7,July,3,5,31,2017,FALSE,2017-07-28 00:00:00
20170729,Saturday,29,5,210,7,July,3,5,31,2017,FALSE,2017-07-29 00:00:00
20170730,Sunday,30,6,211,7,July,3,5,31,2017,FALSE,2017-07-30 00:00:00
20170731,Monday,31,0,212,7,July,3,6,32,2017,FALSE,2017-07-31 00:00:00
20170801,Tuesday,1,1,213,8,August,3,1,32,2017,FALSE,2017-08-01 00:00:00
20170802,Wednesday,2,2,214,8,August,3,1,32,2017,FALSE,2017-08-02 00:00:00
20170803,Thursday,3,3,215,8,August,3,1,32,2017,FALSE,2017-08-03 00:00:00
20170804,Friday,4,4,216,8,August,3,1,32,2017,FALSE,2017-08-04 00:00:00
20170805,Saturday,5,5,217,8,August,3,1,32,2017,FALSE,2017-08-05 00:00:00
20170806,Sunday,6,6,218,8,August,3,1,32,2017,FALSE,2017-08-06 00:00:00
20170807,Monday,7,0,219,8,August,3,2,33,2017,FALSE,2017-08-07 00:00:00
20170808,Tuesday,8,1,220,8,August,3,2,33,2017,FALSE,2017-08-08 00:00:00
20170809,Wednesday,9,2,221,8,August,3,2,33,2017,FALSE,2017-08-09 00:00:00
20170810,Thursday,10,3,222,8,August,3,2,33,2017,FALSE,2017-08-10 00:00:00
20170811,Friday,11,4,223,8,August,3,2,33,2017,FALSE,2017-08-11 00:00:00
20170812,Saturday,12,5,224,8,August,3,2,33,2017,FALSE,2017-08-12 00:00:00
20170813,Sunday,13,6,225,8,August,3,2,33,2017,FALSE,2017-08-13 00:00:00
20170814,Monday,14,0,226,8,August,3,3,34,2017,FALSE,2017-08-14 00:00:00
20170815,Tuesday,15,1,227,8,August,3,3,34,2017,FALSE,2017-08-15 00:00:00
20170816,Wednesday,16,2,228,8,August,3,3,34,2017,FALSE,2017-08-16 00:00:00
20170817,Thursday,17,3,229,8,August,3,3,34,2017,FALSE,2017-08-17 00:00:00
20170818,Friday,18,4,230,8,August,3,3,34,2017,FALSE,2017-08-18 00:00:00
20170819,Saturday,19,5,231,8,August,3,3,34,2017,FALSE,2017-08-19 00:00:00
20170820,Sunday,20,6,232,8,August,3,3,34,2017,FALSE,2017-08-20 00:00:00
20170821,Monday,21,0,233,8,August,3,4,35,2017,FALSE,2017-08-21 00:00:00
20170822,Tuesday,22,1,234,8,August,3,4,35,2017,FALSE,2017-08-22 00:00:00
20170823,Wednesday,23,2,235,8,August,3,4,35,2017,FALSE,2017-08-23 00:00:00
20170824,Thursday,24,3,236,8,August,3,4,35,2017,FALSE,2017-08-24 00:00:00
20170825,Friday,25,4,237,8,August,3,4,35,2017,FALSE,2017-08-25 00:00:00
20170826,Saturday,26,5,238,8,August,3,4,35,2017,FALSE,2017-08-26 00:00:00
20170827,Sunday,27,6,239,8,August,3,4,35,2017,FALSE,2017-08-27 00:00:00
20170828,Monday,28,0,240,8,August,3,5,36,2017,FALSE,2017-08-28 00:00:00
20170829,Tuesday,29,1,241,8,August,3,5,36,2017,FALSE,2017-08-29 00:00:00
20170830,Wednesday,30,2,242,8,August,3,5,36,2017,FALSE,2017-08-30 00:00:00
20170831,Thursday,31,3,243,8,August,3,5,36,2017,FALSE,2017-08-31 00:00:00
20170901,Friday,1,4,244,9,September,3,1,36,2017,FALSE,2017-09-01 00:00:00
20170902,Saturday,2,5,245,9,September,3,1,36,2017,FALSE,2017-09-02 00:00:00
20170903,Sunday,3,6,246,9,September,3,1,36,2017,FALSE,2017-09-03 00:00:00
20170904,Monday,4,0,247,9,September,3,2,37,2017,FALSE,2017-09-04 00:00:00
20170905,Tuesday,5,1,248,9,September,3,2,37,2017,FALSE,2017-09-05 00:00:00
20170906,Wednesday,6,2,249,9,September,3,2,37,2017,FALSE,2017-09-06 00:00:00
20170907,Thursday,7,3,250,9,September,3,2,37,2017,FALSE,2017-09-07 00:00:00
20170908,Friday,8,4,251,9,September,3,2,37,2017,FALSE,2017-09-08 00:00:00
20170909,Saturday,9,5,252,9,September,3,2,37,2017,FALSE,2017-09-09 00:00:00
20170910,Sunday,10,6,253,9,September,3,2,37,2017,FALSE,2017-09-10 00:00:00
20170911,Monday,11,0,254,9,September,3,3,38,2017,FALSE,2017-09-11 00:00:00
20170912,Tuesday,12,1,255,9,September,3,3,38,2017,FALSE,2017-09-12 00:00:00
20170913,Wednesday,13,2,256,9,September,3,3,38,2017,FALSE,2017-09-13 00:00:00
20170914,Thursday,14,3,257,9,September,3,3,38,2017,FALSE,2017-09-14 00:00:00
20170915,Friday,15,4,258,9,September,3,3,38,2017,FALSE,2017-09-15 00:00:00
20170916,Saturday,16,5,259,9,September,3,3,38,2017,FALSE,2017-09-16 00:00:00
20170917,Sunday,17,6,260,9,September,3,3,38,2017,FALSE,2017-09-17 00:00:00
20170918,Monday,18,0,261,9,September,3,4,39,2017,FALSE,2017-09-18 00:00:00
20170919,Tuesday,19,1,262,9,September,3,4,39,2017,FALSE,2017-09-19 00:00:00
20170920,Wednesday,20,2,263,9,September,3,4,39,2017,FALSE,2017-09-20 00:00:00
20170921,Thursday,21,3,264,9,September,3,4,39,2017,FALSE,2017-09-21 00:00:00
20170922,Friday,22,4,265,9,September,3,4,39,2017,FALSE,2017-09-22 00:00:00
20170923,Saturday,23,5,266,9,September,3,4,39,2017,FALSE,2017-09-23 00:00:00
20170924,Sunday,24,6,267,9,September,3,4,39,2017,FALSE,2017-09-24 00:00:00
20170925,Monday,25,0,268,9,September,3,5,40,2017,FALSE,2017-09-25 00:00:00
20170926,Tuesday,26,1,269,9,September,3,5,40,2017,FALSE,2017-09-26 00:00:00
20170927,Wednesday,27,2,270,9,September,3,5,40,2017,FALSE,2017-09-27 00:00:00
20170928,Thursday,28,3,271,9,September,3,5,40,2017,FALSE,2017-09-28 00:00:00
20170929,Friday,29,4,272,9,September,3,5,40,2017,FALSE,2017-09-29 00:00:00
20170930,Saturday,30,5,273,9,September,3,5,40,2017,FALSE,2017-09-30 00:00:00
20171001,Sunday,1,6,274,10,October,4,1,40,2017,FALSE,2017-10-01 00:00:00
20171002,Monday,2,0,275,10,October,4,2,41,2017,FALSE,2017-10-02 00:00:00
20171003,Tuesday,3,1,276,10,October,4,2,41,2017,FALSE,2017-10-03 00:00:00
20171004,Wednesday,4,2,277,10,October,4,2,41,2017,FALSE,2017-10-04 00:00:00
20171005,Thursday,5,3,278,10,October,4,2,41,2017,FALSE,2017-10-05 00:00:00
20171006,Friday,6,4,279,10,October,4,2,41,2017,FALSE,2017-10-06 00:00:00
20171007,Saturday,7,5,280,10,October,4,2,41,2017,FALSE,2017-10-07 00:00:00
20171008,Sunday,8,6,281,10,October,4,2,41,2017,FALSE,2017-10-08 00:00:00
20171009,Monday,9,0,282,10,October,4,3,42,2017,FALSE,2017-10-09 00:00:00
20171010,Tuesday,10,1,283,10,October,4,3,42,2017,FALSE,2017-10-10 00:00:00
20171011,Wednesday,11,2,284,10,October,4,3,42,2017,FALSE,2017-10-11 00:00:00
20171012,Thursday,12,3,285,10,October,4,3,42,2017,FALSE,2017-10-12 00:00:00
20171013,Friday,13,4,286,10,October,4,3,42,2017,FALSE,2017-10-13 00:00:00
20171014,Saturday,14,5,287,10,October,4,3,42,2017,FALSE,2017-10-14 00:00:00
20171015,Sunday,15,6,288,10,October,4,3,42,2017,FALSE,2017-10-15 00:00:00
20171016,Monday,16,0,289,10,October,4,4,43,2017,FALSE,2017-10-16 00:00:00
20171017,Tuesday,17,1,290,10,October,4,4,43,2017,FALSE,2017-10-17 00:00:00
20171018,Wednesday,18,2,291,10,October,4,4,43,2017,FALSE,2017-10-18 00:00:00
20171019,Thursday,19,3,292,10,October,4,4,43,2017,FALSE,2017-10-19 00:00:00
20171020,Friday,20,4,293,10,October,4,4,43,2017,FALSE,2017-10-20 00:00:00
20171021,Saturday,21,5,294,10,October,4,4,43,2017,FALSE,2017-10-21 00:00:00
20171022,Sunday,22,6,295,10,October,4,4,43,2017,FALSE,2017-10-22 00:00:00
20171023,Monday,23,0,296,10,October,4,5,44,2017,FALSE,2017-10-23 00:00:00
20171024,Tuesday,24,1,297,10,October,4,5,44,2017,FALSE,2017-10-24 00:00:00
20171025,Wednesday,25,2,298,10,October,4,5,44,2017,FALSE,2017-10-25 00:00:00
20171026,Thursday,26,3,299,10,October,4,5,44,2017,FALSE,2017-10-26 00:00:00
20171027,Friday,27,4,300,10,October,4,5,44,2017,FALSE,2017-10-27 00:00:00
20171028,Saturday,28,5,301,10,October,4,5,44,2017,FALSE,2017-10-28 00:00:00
20171029,Sunday,29,6,302,10,October,4,5,44,2017,FALSE,2017-10-29 00:00:00
20171030,Monday,30,0,303,10,October,4,6,45,2017,FALSE,2017-10-30 00:00:00
20171031,Tuesday,31,1,304,10,October,4,6,45,2017,FALSE,2017-10-31 00:00:00
20171101,Wednesday,1,2,305,11,November,4,1,45,2017,FALSE,2017-11-01 00:00:00
20171102,Thursday,2,3,306,11,November,4,1,45,2017,FALSE,2017-11-02 00:00:00
20171103,Friday,3,4,307,11,November,4,1,45,2017,FALSE,2017-11-03 00:00:00
20171104,Saturday,4,5,308,11,November,4,1,45,2017,FALSE,2017-11-04 00:00:00
20171105,Sunday,5,6,309,11,November,4,1,45,2017,FALSE,2017-11-05 00:00:00
20171106,Monday,6,0,310,11,November,4,2,46,2017,FALSE,2017-11-06 00:00:00
20171107,Tuesday,7,1,311,11,November,4,2,46,2017,FALSE,2017-11-07 00:00:00
20171108,Wednesday,8,2,312,11,November,4,2,46,2017,FALSE,2017-11-08 00:00:00
20171109,Thursday,9,3,313,11,November,4,2,46,2017,FALSE,2017-11-09 00:00:00
20171110,Friday,10,4,314,11,November,4,2,46,2017,FALSE,2017-11-10 00:00:00
20171111,Saturday,11,5,315,11,November,4,2,46,2017,FALSE,2017-11-11 00:00:00
20171112,Sunday,12,6,316,11,November,4,2,46,2017,FALSE,2017-11-12 00:00:00
20171113,Monday,13,0,317,11,November,4,3,47,2017,FALSE,2017-11-13 00:00:00
20171114,Tuesday,14,1,318,11,November,4,3,47,2017,FALSE,2017-11-14 00:00:00
20171115,Wednesday,15,2,319,11,November,4,3,47,2017,FALSE,2017-11-15 00:00:00
20171116,Thursday,16,3,320,11,November,4,3,47,2017,FALSE,2017-11-16 00:00:00
20171117,Friday,17,4,321,11,November,4,3,47,2017,FALSE,2017-11-17 00:00:00
20171118,Saturday,18,5,322,11,November,4,3,47,2017,FALSE,2017-11-18 00:00:00
20171119,Sunday,19,6,323,11,November,4,3,47,2017,FALSE,2017-11-19 00:00:00
20171120,Monday,20,0,324,11,November,4,4,48,2017,FALSE,2017-11-20 00:00:00
20171121,Tuesday,21,1,325,11,November,4,4,48,2017,FALSE,2017-11-21 00:00:00
20171122,Wednesday,22,2,326,11,November,4,4,48,2017,FALSE,2017-11-22 00:00:00
20171123,Thursday,23,3,327,11,November,4,4,48,2017,FALSE,2017-11-23 00:00:00
20171124,Friday,24,4,328,11,November,4,4,48,2017,FALSE,2017-11-24 00:00:00
20171125,Saturday,25,5,329,11,November,4,4,48,2017,FALSE,2017-11-25 00:00:00
20171126,Sunday,26,6,330,11,November,4,4,48,2017,FALSE,2017-11-26 00:00:00
20171127,Monday,27,0,331,11,November,4,5,49,2017,FALSE,2017-11-27 00:00:00
20171128,Tuesday,28,1,332,11,November,4,5,49,2017,FALSE,2017-11-28 00:00:00
20171129,Wednesday,29,2,333,11,November,4,5,49,2017,FALSE,2017-11-29 00:00:00
20171130,Thursday,30,3,334,11,November,4,5,49,2017,FALSE,2017-11-30 00:00:00
20171201,Friday,1,4,335,12,December,4,1,49,2017,FALSE,2017-12-01 00:00:00
20171202,Saturday,2,5,336,12,December,4,1,49,2017,FALSE,2017-12-02 00:00:00
20171203,Sunday,3,6,337,12,December,4,1,49,2017,FALSE,2017-12-03 00:00:00
20171204,Monday,4,0,338,12,December,4,2,50,2017,FALSE,2017-12-04 00:00:00
20171205,Tuesday,5,1,339,12,December,4,2,50,2017,FALSE,2017-12-05 00:00:00
20171206,Wednesday,6,2,340,12,December,4,2,50,2017,FALSE,2017-12-06 00:00:00
20171207,Thursday,7,3,341,12,December,4,2,50,2017,FALSE,2017-12-07 00:00:00
20171208,Friday,8,4,342,12,December,4,2,50,2017,FALSE,2017-12-08 00:00:00
20171209,Saturday,9,5,343,12,December,4,2,50,2017,FALSE,2017-12-09 00:00:00
20171210,Sunday,10,6,344,12,December,4,2,50,2017,FALSE,2017-12-10 00:00:00
20171211,Monday,11,0,345,12,December,4,3,51,2017,FALSE,2017-12-11 00:00:00
20171212,Tuesday,12,1,346,12,December,4,3,51,2017,FALSE,2017-12-12 00:00:00
20171213,Wednesday,13,2,347,12,December,4,3,51,2017,FALSE,2017-12-13 00:00:00
20171214,Thursday,14,3,348,12,December,4,3,51,2017,FALSE,2017-12-14 00:00:00
20171215,Friday,15,4,349,12,December,4,3,51,2017,FALSE,2017-12-15 00:00:00
20171216,Saturday,16,5,350,12,December,4,3,51,2017,FALSE,2017-12-16 00:00:00
20171217,Sunday,17,6,351,12,December,4,3,51,2017,FALSE,2017-12-17 00:00:00
20171218,Monday,18,0,352,12,December,4,4,52,2017,FALSE,2017-12-18 00:00:00
20171219,Tuesday,19,1,353,12,December,4,4,52,2017,FALSE,2017-12-19 00:00:00
20171220,Wednesday,20,2,354,12,December,4,4,52,2017,FALSE,2017-12-20 00:00:00
20171221,Thursday,21,3,355,12,December,4,4,52,2017,FALSE,2017-12-21 00:00:00
20171222,Friday,22,4,356,12,December,4,4,52,2017,FALSE,2017-12-22 00:00:00
20171223,Saturday,23,5,357,12,December,4,4,52,2017,FALSE,2017-12-23 00:00:00
20171224,Sunday,24,6,358,12,December,4,4,52,2017,FALSE,2017-12-24 00:00:00
20171225,Monday,25,0,359,12,December,4,5,53,2017,FALSE,2017-12-25 00:00:00
20171226,Tuesday,26,1,360,12,December,4,5,53,2017,FALSE,2017-12-26 00:00:00
20171227,Wednesday,27,2,361,12,December,4,5,53,2017,FALSE,2017-12-27 00:00:00
20171228,Thursday,28,3,362,12,December,4,5,53,2017,FALSE,2017-12-28 00:00:00
20171229,Friday,29,4,363,12,December,4,5,53,2017,FALSE,2017-12-29 00:00:00
20171230,Saturday,30,5,364,12,December,4,5,53,2017,FALSE,2017-12-30 00:00:00
20171231,Sunday,31,6,365,12,December,4,5,53,2017,FALSE,2017-12-31 00:00:00
20180101,Monday,1,0,1,1,January,1,1,1,2018,FALSE,2018-01-01 00:00:00
20180102,Tuesday,2,1,2,1,January,1,1,1,2018,FALSE,2018-01-02 00:00:00
20180103,Wednesday,3,2,3,1,January,1,1,1,2018,FALSE,2018-01-03 00:00:00
20180104,Thursday,4,3,4,1,January,1,1,1,2018,FALSE,2018-01-04 00:00:00
20180105,Friday,5,4,5,1,January,1,1,1,2018,FALSE,2018-01-05 00:00:00
20180106,Saturday,6,5,6,1,January,1,1,1,2018,FALSE,2018-01-06 00:00:00
20180107,Sunday,7,6,7,1,January,1,1,1,2018,FALSE,2018-01-07 00:00:00
20180108,Monday,8,0,8,1,January,1,2,2,2018,FALSE,2018-01-08 00:00:00
20180109,Tuesday,9,1,9,1,January,1,2,2,2018,FALSE,2018-01-09 00:00:00
20180110,Wednesday,10,2,10,1,January,1,2,2,2018,FALSE,2018-01-10 00:00:00
20180111,Thursday,11,3,11,1,January,1,2,2,2018,FALSE,2018-01-11 00:00:00
20180112,Friday,12,4,12,1,January,1,2,2,2018,FALSE,2018-01-12 00:00:00
20180113,Saturday,13,5,13,1,January,1,2,2,2018,FALSE,2018-01-13 00:00:00
20180114,Sunday,14,6,14,1,January,1,2,2,2018,FALSE,2018-01-14 00:00:00
20180115,Monday,15,0,15,1,January,1,3,3,2018,FALSE,2018-01-15 00:00:00
20180116,Tuesday,16,1,16,1,January,1,3,3,2018,FALSE,2018-01-16 00:00:00
20180117,Wednesday,17,2,17,1,January,1,3,3,2018,FALSE,2018-01-17 00:00:00
20180118,Thursday,18,3,18,1,January,1,3,3,2018,FALSE,2018-01-18 00:00:00
20180119,Friday,19,4,19,1,January,1,3,3,2018,FALSE,2018-01-19 00:00:00
20180120,Saturday,20,5,20,1,January,1,3,3,2018,FALSE,2018-01-20 00:00:00
20180121,Sunday,21,6,21,1,January,1,3,3,2018,FALSE,2018-01-21 00:00:00
20180122,Monday,22,0,22,1,January,1,4,4,2018,FALSE,2018-01-22 00:00:00
20180123,Tuesday,23,1,23,1,January,1,4,4,2018,FALSE,2018-01-23 00:00:00
20180124,Wednesday,24,2,24,1,January,1,4,4,2018,FALSE,2018-01-24 00:00:00
20180125,Thursday,25,3,25,1,January,1,4,4,2018,FALSE,2018-01-25 00:00:00
20180126,Friday,26,4,26,1,January,1,4,4,2018,FALSE,2018-01-26 00:00:00
20180127,Saturday,27,5,27,1,January,1,4,4,2018,FALSE,2018-01-27 00:00:00
20180128,Sunday,28,6,28,1,January,1,4,4,2018,FALSE,2018-01-28 00:00:00
20180129,Monday,29,0,29,1,January,1,5,5,2018,FALSE,2018-01-29 00:00:00
20180130,Tuesday,30,1,30,1,January,1,5,5,2018,FALSE,2018-01-30 00:00:00
20180131,Wednesday,31,2,31,1,January,1,5,5,2018,FALSE,2018-01-31 00:00:00
20180201,Thursday,1,3,32,2,February,1,1,5,2018,FALSE,2018-02-01 00:00:00
20180202,Friday,2,4,33,2,February,1,1,5,2018,FALSE,2018-02-02 00:00:00
20180203,Saturday,3,5,34,2,February,1,1,5,2018,FALSE,2018-02-03 00:00:00
20180204,Sunday,4,6,35,2,February,1,1,5,2018,FALSE,2018-02-04 00:00:00
20180205,Monday,5,0,36,2,February,1,2,6,2018,FALSE,2018-02-05 00:00:00
20180206,Tuesday,6,1,37,2,February,1,2,6,2018,FALSE,2018-02-06 00:00:00
20180207,Wednesday,7,2,38,2,February,1,2,6,2018,FALSE,2018-02-07 00:00:00
20180208,Thursday,8,3,39,2,February,1,2,6,2018,FALSE,2018-02-08 00:00:00
20180209,Friday,9,4,40,2,February,1,2,6,2018,FALSE,2018-02-09 00:00:00
20180210,Saturday,10,5,41,2,February,1,2,6,2018,FALSE,2018-02-10 00:00:00
20180211,Sunday,11,6,42,2,February,1,2,6,2018,FALSE,2018-02-11 00:00:00
20180212,Monday,12,0,43,2,February,1,3,7,2018,FALSE,2018-02-12 00:00:00
20180213,Tuesday,13,1,44,2,February,1,3,7,2018,FALSE,2018-02-13 00:00:00
20180214,Wednesday,14,2,45,2,February,1,3,7,2018,FALSE,2018-02-14 00:00:00
20180215,Thursday,15,3,46,2,February,1,3,7,2018,FALSE,2018-02-15 00:00:00
20180216,Friday,16,4,47,2,February,1,3,7,2018,FALSE,2018-02-16 00:00:00
20180217,Saturday,17,5,48,2,February,1,3,7,2018,FALSE,2018-02-17 00:00:00
20180218,Sunday,18,6,49,2,February,1,3,7,2018,FALSE,2018-02-18 00:00:00
20180219,Monday,19,0,50,2,February,1,4,8,2018,FALSE,2018-02-19 00:00:00
20180220,Tuesday,20,1,51,2,February,1,4,8,2018,FALSE,2018-02-20 00:00:00
20180221,Wednesday,21,2,52,2,February,1,4,8,2018,FALSE,2018-02-21 00:00:00
20180222,Thursday,22,3,53,2,February,1,4,8,2018,FALSE,2018-02-22 00:00:00
20180223,Friday,23,4,54,2,February,1,4,8,2018,FALSE,2018-02-23 00:00:00
20180224,Saturday,24,5,55,2,February,1,4,8,2018,FALSE,2018-02-24 00:00:00
20180225,Sunday,25,6,56,2,February,1,4,8,2018,FALSE,2018-02-25 00:00:00
20180226,Monday,26,0,57,2,February,1,5,9,2018,FALSE,2018-02-26 00:00:00
20180227,Tuesday,27,1,58,2,February,1,5,9,2018,FALSE,2018-02-27 00:00:00
20180228,Wednesday,28,2,59,2,February,1,5,9,2018,FALSE,2018-02-28 00:00:00
20180301,Thursday,1,3,60,3,March,1,1,9,2018,FALSE,2018-03-01 00:00:00
20180302,Friday,2,4,61,3,March,1,1,9,2018,FALSE,2018-03-02 00:00:00
20180303,Saturday,3,5,62,3,March,1,1,9,2018,FALSE,2018-03-03 00:00:00
20180304,Sunday,4,6,63,3,March,1,1,9,2018,FALSE,2018-03-04 00:00:00
20180305,Monday,5,0,64,3,March,1,2,10,2018,FALSE,2018-03-05 00:00:00
20180306,Tuesday,6,1,65,3,March,1,2,10,2018,FALSE,2018-03-06 00:00:00
20180307,Wednesday,7,2,66,3,March,1,2,10,2018,FALSE,2018-03-07 00:00:00
20180308,Thursday,8,3,67,3,March,1,2,10,2018,FALSE,2018-03-08 00:00:00
20180309,Friday,9,4,68,3,March,1,2,10,2018,FALSE,2018-03-09 00:00:00
20180310,Saturday,10,5,69,3,March,1,2,10,2018,FALSE,2018-03-10 00:00:00
20180311,Sunday,11,6,70,3,March,1,2,10,2018,FALSE,2018-03-11 00:00:00
20180312,Monday,12,0,71,3,March,1,3,11,2018,FALSE,2018-03-12 00:00:00
20180313,Tuesday,13,1,72,3,March,1,3,11,2018,FALSE,2018-03-13 00:00:00
20180314,Wednesday,14,2,73,3,March,1,3,11,2018,FALSE,2018-03-14 00:00:00
20180315,Thursday,15,3,74,3,March,1,3,11,2018,FALSE,2018-03-15 00:00:00
20180316,Friday,16,4,75,3,March,1,3,11,2018,FALSE,2018-03-16 00:00:00
20180317,Saturday,17,5,76,3,March,1,3,11,2018,FALSE,2018-03-17 00:00:00
20180318,Sunday,18,6,77,3,March,1,3,11,2018,FALSE,2018-03-18 00:00:00
20180319,Monday,19,0,78,3,March,1,4,12,2018,FALSE,2018-03-19 00:00:00
20180320,Tuesday,20,1,79,3,March,1,4,12,2018,FALSE,2018-03-20 00:00:00
20180321,Wednesday,21,2,80,3,March,1,4,12,2018,FALSE,2018-03-21 00:00:00
20180322,Thursday,22,3,81,3,March,1,4,12,2018,FALSE,2018-03-22 00:00:00
20180323,Friday,23,4,82,3,March,1,4,12,2018,FALSE,2018-03-23 00:00:00
20180324,Saturday,24,5,83,3,March,1,4,12,2018,FALSE,2018-03-24 00:00:00
20180325,Sunday,25,6,84,3,March,1,4,12,2018,FALSE,2018-03-25 00:00:00
20180326,Monday,26,0,85,3,March,1,5,13,2018,FALSE,2018-03-26 00:00:00
20180327,Tuesday,27,1,86,3,March,1,5,13,2018,FALSE,2018-03-27 00:00:00
20180328,Wednesday,28,2,87,3,March,1,5,13,2018,FALSE,2018-03-28 00:00:00
20180329,Thursday,29,3,88,3,March,1,5,13,2018,FALSE,2018-03-29 00:00:00
20180330,Friday,30,4,89,3,March,1,5,13,2018,FALSE,2018-03-30 00:00:00
20180331,Saturday,31,5,90,3,March,1,5,13,2018,FALSE,2018-03-31 00:00:00
20180401,Sunday,1,6,91,4,April,2,1,13,2018,FALSE,2018-04-01 00:00:00
20180402,Monday,2,0,92,4,April,2,2,14,2018,FALSE,2018-04-02 00:00:00
20180403,Tuesday,3,1,93,4,April,2,2,14,2018,FALSE,2018-04-03 00:00:00
20180404,Wednesday,4,2,94,4,April,2,2,14,2018,FALSE,2018-04-04 00:00:00
20180405,Thursday,5,3,95,4,April,2,2,14,2018,FALSE,2018-04-05 00:00:00
20180406,Friday,6,4,96,4,April,2,2,14,2018,FALSE,2018-04-06 00:00:00
20180407,Saturday,7,5,97,4,April,2,2,14,2018,FALSE,2018-04-07 00:00:00
20180408,Sunday,8,6,98,4,April,2,2,14,2018,FALSE,2018-04-08 00:00:00
20180409,Monday,9,0,99,4,April,2,3,15,2018,FALSE,2018-04-09 00:00:00
20180410,Tuesday,10,1,100,4,April,2,3,15,2018,FALSE,2018-04-10 00:00:00
20180411,Wednesday,11,2,101,4,April,2,3,15,2018,FALSE,2018-04-11 00:00:00
20180412,Thursday,12,3,102,4,April,2,3,15,2018,FALSE,2018-04-12 00:00:00
20180413,Friday,13,4,103,4,April,2,3,15,2018,FALSE,2018-04-13 00:00:00
20180414,Saturday,14,5,104,4,April,2,3,15,2018,FALSE,2018-04-14 00:00:00
20180415,Sunday,15,6,105,4,April,2,3,15,2018,FALSE,2018-04-15 00:00:00
20180416,Monday,16,0,106,4,April,2,4,16,2018,FALSE,2018-04-16 00:00:00
20180417,Tuesday,17,1,107,4,April,2,4,16,2018,FALSE,2018-04-17 00:00:00
20180418,Wednesday,18,2,108,4,April,2,4,16,2018,FALSE,2018-04-18 00:00:00
20180419,Thursday,19,3,109,4,April,2,4,16,2018,FALSE,2018-04-19 00:00:00
20180420,Friday,20,4,110,4,April,2,4,16,2018,FALSE,2018-04-20 00:00:00
20180421,Saturday,21,5,111,4,April,2,4,16,2018,FALSE,2018-04-21 00:00:00
20180422,Sunday,22,6,112,4,April,2,4,16,2018,FALSE,2018-04-22 00:00:00
20180423,Monday,23,0,113,4,April,2,5,17,2018,FALSE,2018-04-23 00:00:00
20180424,Tuesday,24,1,114,4,April,2,5,17,2018,FALSE,2018-04-24 00:00:00
20180425,Wednesday,25,2,115,4,April,2,5,17,2018,FALSE,2018-04-25 00:00:00
20180426,Thursday,26,3,116,4,April,2,5,17,2018,FALSE,2018-04-26 00:00:00
20180427,Friday,27,4,117,4,April,2,5,17,2018,FALSE,2018-04-27 00:00:00
20180428,Saturday,28,5,118,4,April,2,5,17,2018,FALSE,2018-04-28 00:00:00
20180429,Sunday,29,6,119,4,April,2,5,17,2018,FALSE,2018-04-29 00:00:00
20180430,Monday,30,0,120,4,April,2,6,18,2018,FALSE,2018-04-30 00:00:00
20180501,Tuesday,1,1,121,5,May,2,1,18,2018,FALSE,2018-05-01 00:00:00
20180502,Wednesday,2,2,122,5,May,2,1,18,2018,FALSE,2018-05-02 00:00:00
20180503,Thursday,3,3,123,5,May,2,1,18,2018,FALSE,2018-05-03 00:00:00
20180504,Friday,4,4,124,5,May,2,1,18,2018,FALSE,2018-05-04 00:00:00
20180505,Saturday,5,5,125,5,May,2,1,18,2018,FALSE,2018-05-05 00:00:00
20180506,Sunday,6,6,126,5,May,2,1,18,2018,FALSE,2018-05-06 00:00:00
20180507,Monday,7,0,127,5,May,2,2,19,2018,FALSE,2018-05-07 00:00:00
20180508,Tuesday,8,1,128,5,May,2,2,19,2018,FALSE,2018-05-08 00:00:00
20180509,Wednesday,9,2,129,5,May,2,2,19,2018,FALSE,2018-05-09 00:00:00
20180510,Thursday,10,3,130,5,May,2,2,19,2018,FALSE,2018-05-10 00:00:00
20180511,Friday,11,4,131,5,May,2,2,19,2018,FALSE,2018-05-11 00:00:00
20180512,Saturday,12,5,132,5,May,2,2,19,2018,FALSE,2018-05-12 00:00:00
20180513,Sunday,13,6,133,5,May,2,2,19,2018,FALSE,2018-05-13 00:00:00
20180514,Monday,14,0,134,5,May,2,3,20,2018,FALSE,2018-05-14 00:00:00
20180515,Tuesday,15,1,135,5,May,2,3,20,2018,FALSE,2018-05-15 00:00:00
20180516,Wednesday,16,2,136,5,May,2,3,20,2018,FALSE,2018-05-16 00:00:00
20180517,Thursday,17,3,137,5,May,2,3,20,2018,FALSE,2018-05-17 00:00:00
20180518,Friday,18,4,138,5,May,2,3,20,2018,FALSE,2018-05-18 00:00:00
20180519,Saturday,19,5,139,5,May,2,3,20,2018,FALSE,2018-05-19 00:00:00
20180520,Sunday,20,6,140,5,May,2,3,20,2018,FALSE,2018-05-20 00:00:00
20180521,Monday,21,0,141,5,May,2,4,21,2018,FALSE,2018-05-21 00:00:00
20180522,Tuesday,22,1,142,5,May,2,4,21,2018,FALSE,2018-05-22 00:00:00
20180523,Wednesday,23,2,143,5,May,2,4,21,2018,FALSE,2018-05-23 00:00:00
20180524,Thursday,24,3,144,5,May,2,4,21,2018,FALSE,2018-05-24 00:00:00
20180525,Friday,25,4,145,5,May,2,4,21,2018,FALSE,2018-05-25 00:00:00
20180526,Saturday,26,5,146,5,May,2,4,21,2018,FALSE,2018-05-26 00:00:00
20180527,Sunday,27,6,147,5,May,2,4,21,2018,FALSE,2018-05-27 00:00:00
20180528,Monday,28,0,148,5,May,2,5,22,2018,FALSE,2018-05-28 00:00:00
20180529,Tuesday,29,1,149,5,May,2,5,22,2018,FALSE,2018-05-29 00:00:00
20180530,Wednesday,30,2,150,5,May,2,5,22,2018,FALSE,2018-05-30 00:00:00
20180531,Thursday,31,3,151,5,May,2,5,22,2018,FALSE,2018-05-31 00:00:00
20180601,Friday,1,4,152,6,June,2,1,22,2018,FALSE,2018-06-01 00:00:00
20180602,Saturday,2,5,153,6,June,2,1,22,2018,FALSE,2018-06-02 00:00:00
20180603,Sunday,3,6,154,6,June,2,1,22,2018,FALSE,2018-06-03 00:00:00
20180604,Monday,4,0,155,6,June,2,2,23,2018,FALSE,2018-06-04 00:00:00
20180605,Tuesday,5,1,156,6,June,2,2,23,2018,FALSE,2018-06-05 00:00:00
20180606,Wednesday,6,2,157,6,June,2,2,23,2018,FALSE,2018-06-06 00:00:00
20180607,Thursday,7,3,158,6,June,2,2,23,2018,FALSE,2018-06-07 00:00:00
20180608,Friday,8,4,159,6,June,2,2,23,2018,FALSE,2018-06-08 00:00:00
20180609,Saturday,9,5,160,6,June,2,2,23,2018,FALSE,2018-06-09 00:00:00
20180610,Sunday,10,6,161,6,June,2,2,23,2018,FALSE,2018-06-10 00:00:00
20180611,Monday,11,0,162,6,June,2,3,24,2018,FALSE,2018-06-11 00:00:00
20180612,Tuesday,12,1,163,6,June,2,3,24,2018,FALSE,2018-06-12 00:00:00
20180613,Wednesday,13,2,164,6,June,2,3,24,2018,FALSE,2018-06-13 00:00:00
20180614,Thursday,14,3,165,6,June,2,3,24,2018,FALSE,2018-06-14 00:00:00
20180615,Friday,15,4,166,6,June,2,3,24,2018,FALSE,2018-06-15 00:00:00
20180616,Saturday,16,5,167,6,June,2,3,24,2018,FALSE,2018-06-16 00:00:00
20180617,Sunday,17,6,168,6,June,2,3,24,2018,FALSE,2018-06-17 00:00:00
20180618,Monday,18,0,169,6,June,2,4,25,2018,FALSE,2018-06-18 00:00:00
20180619,Tuesday,19,1,170,6,June,2,4,25,2018,FALSE,2018-06-19 00:00:00
20180620,Wednesday,20,2,171,6,June,2,4,25,2018,FALSE,2018-06-20 00:00:00
20180621,Thursday,21,3,172,6,June,2,4,25,2018,FALSE,2018-06-21 00:00:00
20180622,Friday,22,4,173,6,June,2,4,25,2018,FALSE,2018-06-22 00:00:00
20180623,Saturday,23,5,174,6,June,2,4,25,2018,FALSE,2018-06-23 00:00:00
20180624,Sunday,24,6,175,6,June,2,4,25,2018,FALSE,2018-06-24 00:00:00
20180625,Monday,25,0,176,6,June,2,5,26,2018,FALSE,2018-06-25 00:00:00
20180626,Tuesday,26,1,177,6,June,2,5,26,2018,FALSE,2018-06-26 00:00:00
20180627,Wednesday,27,2,178,6,June,2,5,26,2018,FALSE,2018-06-27 00:00:00
20180628,Thursday,28,3,179,6,June,2,5,26,2018,FALSE,2018-06-28 00:00:00
20180629,Friday,29,4,180,6,June,2,5,26,2018,FALSE,2018-06-29 00:00:00
20180630,Saturday,30,5,181,6,June,2,5,26,2018,FALSE,2018-06-30 00:00:00
20180701,Sunday,1,6,182,7,July,3,1,26,2018,FALSE,2018-07-01 00:00:00
20180702,Monday,2,0,183,7,July,3,2,27,2018,FALSE,2018-07-02 00:00:00
20180703,Tuesday,3,1,184,7,July,3,2,27,2018,FALSE,2018-07-03 00:00:00
20180704,Wednesday,4,2,185,7,July,3,2,27,2018,FALSE,2018-07-04 00:00:00
20180705,Thursday,5,3,186,7,July,3,2,27,2018,FALSE,2018-07-05 00:00:00
20180706,Friday,6,4,187,7,July,3,2,27,2018,FALSE,2018-07-06 00:00:00
20180707,Saturday,7,5,188,7,July,3,2,27,2018,FALSE,2018-07-07 00:00:00
20180708,Sunday,8,6,189,7,July,3,2,27,2018,FALSE,2018-07-08 00:00:00
20180709,Monday,9,0,190,7,July,3,3,28,2018,FALSE,2018-07-09 00:00:00
20180710,Tuesday,10,1,191,7,July,3,3,28,2018,FALSE,2018-07-10 00:00:00
20180711,Wednesday,11,2,192,7,July,3,3,28,2018,FALSE,2018-07-11 00:00:00
20180712,Thursday,12,3,193,7,July,3,3,28,2018,FALSE,2018-07-12 00:00:00
20180713,Friday,13,4,194,7,July,3,3,28,2018,FALSE,2018-07-13 00:00:00
20180714,Saturday,14,5,195,7,July,3,3,28,2018,FALSE,2018-07-14 00:00:00
20180715,Sunday,15,6,196,7,July,3,3,28,2018,FALSE,2018-07-15 00:00:00
20180716,Monday,16,0,197,7,July,3,4,29,2018,FALSE,2018-07-16 00:00:00
20180717,Tuesday,17,1,198,7,July,3,4,29,2018,FALSE,2018-07-17 00:00:00
20180718,Wednesday,18,2,199,7,July,3,4,29,2018,FALSE,2018-07-18 00:00:00
20180719,Thursday,19,3,200,7,July,3,4,29,2018,FALSE,2018-07-19 00:00:00
20180720,Friday,20,4,201,7,July,3,4,29,2018,FALSE,2018-07-20 00:00:00
20180721,Saturday,21,5,202,7,July,3,4,29,2018,FALSE,2018-07-21 00:00:00
20180722,Sunday,22,6,203,7,July,3,4,29,2018,FALSE,2018-07-22 00:00:00
20180723,Monday,23,0,204,7,July,3,5,30,2018,FALSE,2018-07-23 00:00:00
20180724,Tuesday,24,1,205,7,July,3,5,30,2018,FALSE,2018-07-24 00:00:00
20180725,Wednesday,25,2,206,7,July,3,5,30,2018,FALSE,2018-07-25 00:00:00
20180726,Thursday,26,3,207,7,July,3,5,30,2018,FALSE,2018-07-26 00:00:00
20180727,Friday,27,4,208,7,July,3,5,30,2018,FALSE,2018-07-27 00:00:00
20180728,Saturday,28,5,209,7,July,3,5,30,2018,FALSE,2018-07-28 00:00:00
20180729,Sunday,29,6,210,7,July,3,5,30,2018,FALSE,2018-07-29 00:00:00
20180730,Monday,30,0,211,7,July,3,6,31,2018,FALSE,2018-07-30 00:00:00
20180731,Tuesday,31,1,212,7,July,3,6,31,2018,FALSE,2018-07-31 00:00:00
20180801,Wednesday,1,2,213,8,August,3,1,31,2018,FALSE,2018-08-01 00:00:00
20180802,Thursday,2,3,214,8,August,3,1,31,2018,FALSE,2018-08-02 00:00:00
20180803,Friday,3,4,215,8,August,3,1,31,2018,FALSE,2018-08-03 00:00:00
20180804,Saturday,4,5,216,8,August,3,1,31,2018,FALSE,2018-08-04 00:00:00
20180805,Sunday,5,6,217,8,August,3,1,31,2018,FALSE,2018-08-05 00:00:00
20180806,Monday,6,0,218,8,August,3,2,32,2018,FALSE,2018-08-06 00:00:00
20180807,Tuesday,7,1,219,8,August,3,2,32,2018,FALSE,2018-08-07 00:00:00
20180808,Wednesday,8,2,220,8,August,3,2,32,2018,FALSE,2018-08-08 00:00:00
20180809,Thursday,9,3,221,8,August,3,2,32,2018,FALSE,2018-08-09 00:00:00
20180810,Friday,10,4,222,8,August,3,2,32,2018,FALSE,2018-08-10 00:00:00
20180811,Saturday,11,5,223,8,August,3,2,32,2018,FALSE,2018-08-11 00:00:00
20180812,Sunday,12,6,224,8,August,3,2,32,2018,FALSE,2018-08-12 00:00:00
20180813,Monday,13,0,225,8,August,3,3,33,2018,FALSE,2018-08-13 00:00:00
20180814,Tuesday,14,1,226,8,August,3,3,33,2018,FALSE,2018-08-14 00:00:00
20180815,Wednesday,15,2,227,8,August,3,3,33,2018,FALSE,2018-08-15 00:00:00
20180816,Thursday,16,3,228,8,August,3,3,33,2018,FALSE,2018-08-16 00:00:00
20180817,Friday,17,4,229,8,August,3,3,33,2018,FALSE,2018-08-17 00:00:00
20180818,Saturday,18,5,230,8,August,3,3,33,2018,FALSE,2018-08-18 00:00:00
20180819,Sunday,19,6,231,8,August,3,3,33,2018,FALSE,2018-08-19 00:00:00
20180820,Monday,20,0,232,8,August,3,4,34,2018,FALSE,2018-08-20 00:00:00
20180821,Tuesday,21,1,233,8,August,3,4,34,2018,FALSE,2018-08-21 00:00:00
20180822,Wednesday,22,2,234,8,August,3,4,34,2018,FALSE,2018-08-22 00:00:00
20180823,Thursday,23,3,235,8,August,3,4,34,2018,FALSE,2018-08-23 00:00:00
20180824,Friday,24,4,236,8,August,3,4,34,2018,FALSE,2018-08-24 00:00:00
20180825,Saturday,25,5,237,8,August,3,4,34,2018,FALSE,2018-08-25 00:00:00
20180826,Sunday,26,6,238,8,August,3,4,34,2018,FALSE,2018-08-26 00:00:00
20180827,Monday,27,0,239,8,August,3,5,35,2018,FALSE,2018-08-27 00:00:00
20180828,Tuesday,28,1,240,8,August,3,5,35,2018,FALSE,2018-08-28 00:00:00
20180829,Wednesday,29,2,241,8,August,3,5,35,2018,FALSE,2018-08-29 00:00:00
20180830,Thursday,30,3,242,8,August,3,5,35,2018,FALSE,2018-08-30 00:00:00
20180831,Friday,31,4,243,8,August,3,5,35,2018,FALSE,2018-08-31 00:00:00
20180901,Saturday,1,5,244,9,September,3,1,35,2018,FALSE,2018-09-01 00:00:00
20180902,Sunday,2,6,245,9,September,3,1,35,2018,FALSE,2018-09-02 00:00:00
20180903,Monday,3,0,246,9,September,3,2,36,2018,FALSE,2018-09-03 00:00:00
20180904,Tuesday,4,1,247,9,September,3,2,36,2018,FALSE,2018-09-04 00:00:00
20180905,Wednesday,5,2,248,9,September,3,2,36,2018,FALSE,2018-09-05 00:00:00
20180906,Thursday,6,3,249,9,September,3,2,36,2018,FALSE,2018-09-06 00:00:00
20180907,Friday,7,4,250,9,September,3,2,36,2018,FALSE,2018-09-07 00:00:00
20180908,Saturday,8,5,251,9,September,3,2,36,2018,FALSE,2018-09-08 00:00:00
20180909,Sunday,9,6,252,9,September,3,2,36,2018,FALSE,2018-09-09 00:00:00
20180910,Monday,10,0,253,9,September,3,3,37,2018,FALSE,2018-09-10 00:00:00
20180911,Tuesday,11,1,254,9,September,3,3,37,2018,FALSE,2018-09-11 00:00:00
20180912,Wednesday,12,2,255,9,September,3,3,37,2018,FALSE,2018-09-12 00:00:00
20180913,Thursday,13,3,256,9,September,3,3,37,2018,FALSE,2018-09-13 00:00:00
20180914,Friday,14,4,257,9,September,3,3,37,2018,FALSE,2018-09-14 00:00:00
20180915,Saturday,15,5,258,9,September,3,3,37,2018,FALSE,2018-09-15 00:00:00
20180916,Sunday,16,6,259,9,September,3,3,37,2018,FALSE,2018-09-16 00:00:00
20180917,Monday,17,0,260,9,September,3,4,38,2018,FALSE,2018-09-17 00:00:00
20180918,Tuesday,18,1,261,9,September,3,4,38,2018,FALSE,2018-09-18 00:00:00
20180919,Wednesday,19,2,262,9,September,3,4,38,2018,FALSE,2018-09-19 00:00:00
20180920,Thursday,20,3,263,9,September,3,4,38,2018,FALSE,2018-09-20 00:00:00
20180921,Friday,21,4,264,9,September,3,4,38,2018,FALSE,2018-09-21 00:00:00
20180922,Saturday,22,5,265,9,September,3,4,38,2018,FALSE,2018-09-22 00:00:00
20180923,Sunday,23,6,266,9,September,3,4,38,2018,FALSE,2018-09-23 00:00:00
20180924,Monday,24,0,267,9,September,3,5,39,2018,FALSE,2018-09-24 00:00:00
20180925,Tuesday,25,1,268,9,September,3,5,39,2018,FALSE,2018-09-25 00:00:00
20180926,Wednesday,26,2,269,9,September,3,5,39,2018,FALSE,2018-09-26 00:00:00
20180927,Thursday,27,3,270,9,September,3,5,39,2018,FALSE,2018-09-27 00:00:00
20180928,Friday,28,4,271,9,September,3,5,39,2018,FALSE,2018-09-28 00:00:00
20180929,Saturday,29,5,272,9,September,3,5,39,2018,FALSE,2018-09-29 00:00:00
20180930,Sunday,30,6,273,9,September,3,5,39,2018,FALSE,2018-09-30 00:00:00
20181001,Monday,1,0,274,10,October,4,1,40,2018,FALSE,2018-10-01 00:00:00
20181002,Tuesday,2,1,275,10,October,4,1,40,2018,FALSE,2018-10-02 00:00:00
20181003,Wednesday,3,2,276,10,October,4,1,40,2018,FALSE,2018-10-03 00:00:00
20181004,Thursday,4,3,277,10,October,4,1,40,2018,FALSE,2018-10-04 00:00:00
20181005,Friday,5,4,278,10,October,4,1,40,2018,FALSE,2018-10-05 00:00:00
20181006,Saturday,6,5,279,10,October,4,1,40,2018,FALSE,2018-10-06 00:00:00
20181007,Sunday,7,6,280,10,October,4,1,40,2018,FALSE,2018-10-07 00:00:00
20181008,Monday,8,0,281,10,October,4,2,41,2018,FALSE,2018-10-08 00:00:00
20181009,Tuesday,9,1,282,10,October,4,2,41,2018,FALSE,2018-10-09 00:00:00
20181010,Wednesday,10,2,283,10,October,4,2,41,2018,FALSE,2018-10-10 00:00:00
20181011,Thursday,11,3,284,10,October,4,2,41,2018,FALSE,2018-10-11 00:00:00
20181012,Friday,12,4,285,10,October,4,2,41,2018,FALSE,2018-10-12 00:00:00
20181013,Saturday,13,5,286,10,October,4,2,41,2018,FALSE,2018-10-13 00:00:00
20181014,Sunday,14,6,287,10,October,4,2,41,2018,FALSE,2018-10-14 00:00:00
20181015,Monday,15,0,288,10,October,4,3,42,2018,FALSE,2018-10-15 00:00:00
20181016,Tuesday,16,1,289,10,October,4,3,42,2018,FALSE,2018-10-16 00:00:00
20181017,Wednesday,17,2,290,10,October,4,3,42,2018,FALSE,2018-10-17 00:00:00
20181018,Thursday,18,3,291,10,October,4,3,42,2018,FALSE,2018-10-18 00:00:00
20181019,Friday,19,4,292,10,October,4,3,42,2018,FALSE,2018-10-19 00:00:00
20181020,Saturday,20,5,293,10,October,4,3,42,2018,FALSE,2018-10-20 00:00:00
20181021,Sunday,21,6,294,10,October,4,3,42,2018,FALSE,2018-10-21 00:00:00
20181022,Monday,22,0,295,10,October,4,4,43,2018,FALSE,2018-10-22 00:00:00
20181023,Tuesday,23,1,296,10,October,4,4,43,2018,FALSE,2018-10-23 00:00:00
20181024,Wednesday,24,2,297,10,October,4,4,43,2018,FALSE,2018-10-24 00:00:00
20181025,Thursday,25,3,298,10,October,4,4,43,2018,FALSE,2018-10-25 00:00:00
20181026,Friday,26,4,299,10,October,4,4,43,2018,FALSE,2018-10-26 00:00:00
20181027,Saturday,27,5,300,10,October,4,4,43,2018,FALSE,2018-10-27 00:00:00
20181028,Sunday,28,6,301,10,October,4,4,43,2018,FALSE,2018-10-28 00:00:00
20181029,Monday,29,0,302,10,October,4,5,44,2018,FALSE,2018-10-29 00:00:00
20181030,Tuesday,30,1,303,10,October,4,5,44,2018,FALSE,2018-10-30 00:00:00
20181031,Wednesday,31,2,304,10,October,4,5,44,2018,FALSE,2018-10-31 00:00:00
20181101,Thursday,1,3,305,11,November,4,1,44,2018,FALSE,2018-11-01 00:00:00
20181102,Friday,2,4,306,11,November,4,1,44,2018,FALSE,2018-11-02 00:00:00
20181103,Saturday,3,5,307,11,November,4,1,44,2018,FALSE,2018-11-03 00:00:00
20181104,Sunday,4,6,308,11,November,4,1,44,2018,FALSE,2018-11-04 00:00:00
20181105,Monday,5,0,309,11,November,4,2,45,2018,FALSE,2018-11-05 00:00:00
20181106,Tuesday,6,1,310,11,November,4,2,45,2018,FALSE,2018-11-06 00:00:00
20181107,Wednesday,7,2,311,11,November,4,2,45,2018,FALSE,2018-11-07 00:00:00
20181108,Thursday,8,3,312,11,November,4,2,45,2018,FALSE,2018-11-08 00:00:00
20181109,Friday,9,4,313,11,November,4,2,45,2018,FALSE,2018-11-09 00:00:00
20181110,Saturday,10,5,314,11,November,4,2,45,2018,FALSE,2018-11-10 00:00:00
20181111,Sunday,11,6,315,11,November,4,2,45,2018,FALSE,2018-11-11 00:00:00
20181112,Monday,12,0,316,11,November,4,3,46,2018,FALSE,2018-11-12 00:00:00
20181113,Tuesday,13,1,317,11,November,4,3,46,2018,FALSE,2018-11-13 00:00:00
20181114,Wednesday,14,2,318,11,November,4,3,46,2018,FALSE,2018-11-14 00:00:00
20181115,Thursday,15,3,319,11,November,4,3,46,2018,FALSE,2018-11-15 00:00:00
20181116,Friday,16,4,320,11,November,4,3,46,2018,FALSE,2018-11-16 00:00:00
20181117,Saturday,17,5,321,11,November,4,3,46,2018,FALSE,2018-11-17 00:00:00
20181118,Sunday,18,6,322,11,November,4,3,46,2018,FALSE,2018-11-18 00:00:00
20181119,Monday,19,0,323,11,November,4,4,47,2018,FALSE,2018-11-19 00:00:00
20181120,Tuesday,20,1,324,11,November,4,4,47,2018,FALSE,2018-11-20 00:00:00
20181121,Wednesday,21,2,325,11,November,4,4,47,2018,FALSE,2018-11-21 00:00:00
20181122,Thursday,22,3,326,11,November,4,4,47,2018,FALSE,2018-11-22 00:00:00
20181123,Friday,23,4,327,11,November,4,4,47,2018,FALSE,2018-11-23 00:00:00
20181124,Saturday,24,5,328,11,November,4,4,47,2018,FALSE,2018-11-24 00:00:00
20181125,Sunday,25,6,329,11,November,4,4,47,2018,FALSE,2018-11-25 00:00:00
20181126,Monday,26,0,330,11,November,4,5,48,2018,FALSE,2018-11-26 00:00:00
20181127,Tuesday,27,1,331,11,November,4,5,48,2018,FALSE,2018-11-27 00:00:00
20181128,Wednesday,28,2,332,11,November,4,5,48,2018,FALSE,2018-11-28 00:00:00
20181129,Thursday,29,3,333,11,November,4,5,48,2018,FALSE,2018-11-29 00:00:00
20181130,Friday,30,4,334,11,November,4,5,48,2018,FALSE,2018-11-30 00:00:00
20181201,Saturday,1,5,335,12,December,4,1,48,2018,FALSE,2018-12-01 00:00:00
20181202,Sunday,2,6,336,12,December,4,1,48,2018,FALSE,2018-12-02 00:00:00
20181203,Monday,3,0,337,12,December,4,2,49,2018,FALSE,2018-12-03 00:00:00
20181204,Tuesday,4,1,338,12,December,4,2,49,2018,FALSE,2018-12-04 00:00:00
20181205,Wednesday,5,2,339,12,December,4,2,49,2018,FALSE,2018-12-05 00:00:00
20181206,Thursday,6,3,340,12,December,4,2,49,2018,FALSE,2018-12-06 00:00:00
20181207,Friday,7,4,341,12,December,4,2,49,2018,FALSE,2018-12-07 00:00:00
20181208,Saturday,8,5,342,12,December,4,2,49,2018,FALSE,2018-12-08 00:00:00
20181209,Sunday,9,6,343,12,December,4,2,49,2018,FALSE,2018-12-09 00:00:00
20181210,Monday,10,0,344,12,December,4,3,50,2018,FALSE,2018-12-10 00:00:00
20181211,Tuesday,11,1,345,12,December,4,3,50,2018,FALSE,2018-12-11 00:00:00
20181212,Wednesday,12,2,346,12,December,4,3,50,2018,FALSE,2018-12-12 00:00:00
20181213,Thursday,13,3,347,12,December,4,3,50,2018,FALSE,2018-12-13 00:00:00
20181214,Friday,14,4,348,12,December,4,3,50,2018,FALSE,2018-12-14 00:00:00
20181215,Saturday,15,5,349,12,December,4,3,50,2018,FALSE,2018-12-15 00:00:00
20181216,Sunday,16,6,350,12,December,4,3,50,2018,FALSE,2018-12-16 00:00:00
20181217,Monday,17,0,351,12,December,4,4,51,2018,FALSE,2018-12-17 00:00:00
20181218,Tuesday,18,1,352,12,December,4,4,51,2018,FALSE,2018-12-18 00:00:00
20181219,Wednesday,19,2,353,12,December,4,4,51,2018,FALSE,2018-12-19 00:00:00
20181220,Thursday,20,3,354,12,December,4,4,51,2018,FALSE,2018-12-20 00:00:00
20181221,Friday,21,4,355,12,December,4,4,51,2018,FALSE,2018-12-21 00:00:00
20181222,Saturday,22,5,356,12,December,4,4,51,2018,FALSE,2018-12-22 00:00:00
20181223,Sunday,23,6,357,12,December,4,4,51,2018,FALSE,2018-12-23 00:00:00
20181224,Monday,24,0,358,12,December,4,5,52,2018,FALSE,2018-12-24 00:00:00
20181225,Tuesday,25,1,359,12,December,4,5,52,2018,FALSE,2018-12-25 00:00:00
20181226,Wednesday,26,2,360,12,December,4,5,52,2018,FALSE,2018-12-26 00:00:00
20181227,Thursday,27,3,361,12,December,4,5,52,2018,FALSE,2018-12-27 00:00:00
20181228,Friday,28,4,362,12,December,4,5,52,2018,FALSE,2018-12-28 00:00:00
20181229,Saturday,29,5,363,12,December,4,5,52,2018,FALSE,2018-12-29 00:00:00
20181230,Sunday,30,6,364,12,December,4,5,52,2018,FALSE,2018-12-30 00:00:00
20181231,Monday,31,0,365,12,December,4,6,53,2018,FALSE,2018-12-31 00:00:00
20190101,Tuesday,1,1,1,1,January,1,1,1,2019,FALSE,2019-01-01 00:00:00
20190102,Wednesday,2,2,2,1,January,1,1,1,2019,FALSE,2019-01-02 00:00:00
20190103,Thursday,3,3,3,1,January,1,1,1,2019,FALSE,2019-01-03 00:00:00
20190104,Friday,4,4,4,1,January,1,1,1,2019,FALSE,2019-01-04 00:00:00
20190105,Saturday,5,5,5,1,January,1,1,1,2019,FALSE,2019-01-05 00:00:00
20190106,Sunday,6,6,6,1,January,1,1,1,2019,FALSE,2019-01-06 00:00:00
20190107,Monday,7,0,7,1,January,1,2,2,2019,FALSE,2019-01-07 00:00:00
20190108,Tuesday,8,1,8,1,January,1,2,2,2019,FALSE,2019-01-08 00:00:00
20190109,Wednesday,9,2,9,1,January,1,2,2,2019,FALSE,2019-01-09 00:00:00
20190110,Thursday,10,3,10,1,January,1,2,2,2019,FALSE,2019-01-10 00:00:00
20190111,Friday,11,4,11,1,January,1,2,2,2019,FALSE,2019-01-11 00:00:00
20190112,Saturday,12,5,12,1,January,1,2,2,2019,FALSE,2019-01-12 00:00:00
20190113,Sunday,13,6,13,1,January,1,2,2,2019,FALSE,2019-01-13 00:00:00
20190114,Monday,14,0,14,1,January,1,3,3,2019,FALSE,2019-01-14 00:00:00
20190115,Tuesday,15,1,15,1,January,1,3,3,2019,FALSE,2019-01-15 00:00:00
20190116,Wednesday,16,2,16,1,January,1,3,3,2019,FALSE,2019-01-16 00:00:00
20190117,Thursday,17,3,17,1,January,1,3,3,2019,FALSE,2019-01-17 00:00:00
20190118,Friday,18,4,18,1,January,1,3,3,2019,FALSE,2019-01-18 00:00:00
20190119,Saturday,19,5,19,1,January,1,3,3,2019,FALSE,2019-01-19 00:00:00
20190120,Sunday,20,6,20,1,January,1,3,3,2019,FALSE,2019-01-20 00:00:00
20190121,Monday,21,0,21,1,January,1,4,4,2019,FALSE,2019-01-21 00:00:00
20190122,Tuesday,22,1,22,1,January,1,4,4,2019,FALSE,2019-01-22 00:00:00
20190123,Wednesday,23,2,23,1,January,1,4,4,2019,FALSE,2019-01-23 00:00:00
20190124,Thursday,24,3,24,1,January,1,4,4,2019,FALSE,2019-01-24 00:00:00
20190125,Friday,25,4,25,1,January,1,4,4,2019,FALSE,2019-01-25 00:00:00
20190126,Saturday,26,5,26,1,January,1,4,4,2019,FALSE,2019-01-26 00:00:00
20190127,Sunday,27,6,27,1,January,1,4,4,2019,FALSE,2019-01-27 00:00:00
20190128,Monday,28,0,28,1,January,1,5,5,2019,FALSE,2019-01-28 00:00:00
20190129,Tuesday,29,1,29,1,January,1,5,5,2019,FALSE,2019-01-29 00:00:00
20190130,Wednesday,30,2,30,1,January,1,5,5,2019,FALSE,2019-01-30 00:00:00
20190131,Thursday,31,3,31,1,January,1,5,5,2019,FALSE,2019-01-31 00:00:00
20190201,Friday,1,4,32,2,February,1,1,5,2019,FALSE,2019-02-01 00:00:00
20190202,Saturday,2,5,33,2,February,1,1,5,2019,FALSE,2019-02-02 00:00:00
20190203,Sunday,3,6,34,2,February,1,1,5,2019,FALSE,2019-02-03 00:00:00
20190204,Monday,4,0,35,2,February,1,2,6,2019,FALSE,2019-02-04 00:00:00
20190205,Tuesday,5,1,36,2,February,1,2,6,2019,FALSE,2019-02-05 00:00:00
20190206,Wednesday,6,2,37,2,February,1,2,6,2019,FALSE,2019-02-06 00:00:00
20190207,Thursday,7,3,38,2,February,1,2,6,2019,FALSE,2019-02-07 00:00:00
20190208,Friday,8,4,39,2,February,1,2,6,2019,FALSE,2019-02-08 00:00:00
20190209,Saturday,9,5,40,2,February,1,2,6,2019,FALSE,2019-02-09 00:00:00
20190210,Sunday,10,6,41,2,February,1,2,6,2019,FALSE,2019-02-10 00:00:00
20190211,Monday,11,0,42,2,February,1,3,7,2019,FALSE,2019-02-11 00:00:00
20190212,Tuesday,12,1,43,2,February,1,3,7,2019,FALSE,2019-02-12 00:00:00
20190213,Wednesday,13,2,44,2,February,1,3,7,2019,FALSE,2019-02-13 00:00:00
20190214,Thursday,14,3,45,2,February,1,3,7,2019,FALSE,2019-02-14 00:00:00
20190215,Friday,15,4,46,2,February,1,3,7,2019,FALSE,2019-02-15 00:00:00
20190216,Saturday,16,5,47,2,February,1,3,7,2019,FALSE,2019-02-16 00:00:00
20190217,Sunday,17,6,48,2,February,1,3,7,2019,FALSE,2019-02-17 00:00:00
20190218,Monday,18,0,49,2,February,1,4,8,2019,FALSE,2019-02-18 00:00:00
20190219,Tuesday,19,1,50,2,February,1,4,8,2019,FALSE,2019-02-19 00:00:00
20190220,Wednesday,20,2,51,2,February,1,4,8,2019,FALSE,2019-02-20 00:00:00
20190221,Thursday,21,3,52,2,February,1,4,8,2019,FALSE,2019-02-21 00:00:00
20190222,Friday,22,4,53,2,February,1,4,8,2019,FALSE,2019-02-22 00:00:00
20190223,Saturday,23,5,54,2,February,1,4,8,2019,FALSE,2019-02-23 00:00:00
20190224,Sunday,24,6,55,2,February,1,4,8,2019,FALSE,2019-02-24 00:00:00
20190225,Monday,25,0,56,2,February,1,5,9,2019,FALSE,2019-02-25 00:00:00
20190226,Tuesday,26,1,57,2,February,1,5,9,2019,FALSE,2019-02-26 00:00:00
20190227,Wednesday,27,2,58,2,February,1,5,9,2019,FALSE,2019-02-27 00:00:00
20190228,Thursday,28,3,59,2,February,1,5,9,2019,FALSE,2019-02-28 00:00:00
20190301,Friday,1,4,60,3,March,1,1,9,2019,FALSE,2019-03-01 00:00:00
20190302,Saturday,2,5,61,3,March,1,1,9,2019,FALSE,2019-03-02 00:00:00
20190303,Sunday,3,6,62,3,March,1,1,9,2019,FALSE,2019-03-03 00:00:00
20190304,Monday,4,0,63,3,March,1,2,10,2019,FALSE,2019-03-04 00:00:00
20190305,Tuesday,5,1,64,3,March,1,2,10,2019,FALSE,2019-03-05 00:00:00
20190306,Wednesday,6,2,65,3,March,1,2,10,2019,FALSE,2019-03-06 00:00:00
20190307,Thursday,7,3,66,3,March,1,2,10,2019,FALSE,2019-03-07 00:00:00
20190308,Friday,8,4,67,3,March,1,2,10,2019,FALSE,2019-03-08 00:00:00
20190309,Saturday,9,5,68,3,March,1,2,10,2019,FALSE,2019-03-09 00:00:00
20190310,Sunday,10,6,69,3,March,1,2,10,2019,FALSE,2019-03-10 00:00:00
20190311,Monday,11,0,70,3,March,1,3,11,2019,FALSE,2019-03-11 00:00:00
20190312,Tuesday,12,1,71,3,March,1,3,11,2019,FALSE,2019-03-12 00:00:00
20190313,Wednesday,13,2,72,3,March,1,3,11,2019,FALSE,2019-03-13 00:00:00
20190314,Thursday,14,3,73,3,March,1,3,11,2019,FALSE,2019-03-14 00:00:00
20190315,Friday,15,4,74,3,March,1,3,11,2019,FALSE,2019-03-15 00:00:00
20190316,Saturday,16,5,75,3,March,1,3,11,2019,FALSE,2019-03-16 00:00:00
20190317,Sunday,17,6,76,3,March,1,3,11,2019,FALSE,2019-03-17 00:00:00
20190318,Monday,18,0,77,3,March,1,4,12,2019,FALSE,2019-03-18 00:00:00
20190319,Tuesday,19,1,78,3,March,1,4,12,2019,FALSE,2019-03-19 00:00:00
20190320,Wednesday,20,2,79,3,March,1,4,12,2019,FALSE,2019-03-20 00:00:00
20190321,Thursday,21,3,80,3,March,1,4,12,2019,FALSE,2019-03-21 00:00:00
20190322,Friday,22,4,81,3,March,1,4,12,2019,FALSE,2019-03-22 00:00:00
20190323,Saturday,23,5,82,3,March,1,4,12,2019,FALSE,2019-03-23 00:00:00
20190324,Sunday,24,6,83,3,March,1,4,12,2019,FALSE,2019-03-24 00:00:00
20190325,Monday,25,0,84,3,March,1,5,13,2019,FALSE,2019-03-25 00:00:00
20190326,Tuesday,26,1,85,3,March,1,5,13,2019,FALSE,2019-03-26 00:00:00
20190327,Wednesday,27,2,86,3,March,1,5,13,2019,FALSE,2019-03-27 00:00:00
20190328,Thursday,28,3,87,3,March,1,5,13,2019,FALSE,2019-03-28 00:00:00
20190329,Friday,29,4,88,3,March,1,5,13,2019,FALSE,2019-03-29 00:00:00
20190330,Saturday,30,5,89,3,March,1,5,13,2019,FALSE,2019-03-30 00:00:00
20190331,Sunday,31,6,90,3,March,1,5,13,2019,FALSE,2019-03-31 00:00:00
20190401,Monday,1,0,91,4,April,2,1,14,2019,FALSE,2019-04-01 00:00:00
20190402,Tuesday,2,1,92,4,April,2,1,14,2019,FALSE,2019-04-02 00:00:00
20190403,Wednesday,3,2,93,4,April,2,1,14,2019,FALSE,2019-04-03 00:00:00
20190404,Thursday,4,3,94,4,April,2,1,14,2019,FALSE,2019-04-04 00:00:00
20190405,Friday,5,4,95,4,April,2,1,14,2019,FALSE,2019-04-05 00:00:00
20190406,Saturday,6,5,96,4,April,2,1,14,2019,FALSE,2019-04-06 00:00:00
20190407,Sunday,7,6,97,4,April,2,1,14,2019,FALSE,2019-04-07 00:00:00
20190408,Monday,8,0,98,4,April,2,2,15,2019,FALSE,2019-04-08 00:00:00
20190409,Tuesday,9,1,99,4,April,2,2,15,2019,FALSE,2019-04-09 00:00:00
20190410,Wednesday,10,2,100,4,April,2,2,15,2019,FALSE,2019-04-10 00:00:00
20190411,Thursday,11,3,101,4,April,2,2,15,2019,FALSE,2019-04-11 00:00:00
20190412,Friday,12,4,102,4,April,2,2,15,2019,FALSE,2019-04-12 00:00:00
20190413,Saturday,13,5,103,4,April,2,2,15,2019,FALSE,2019-04-13 00:00:00
20190414,Sunday,14,6,104,4,April,2,2,15,2019,FALSE,2019-04-14 00:00:00
20190415,Monday,15,0,105,4,April,2,3,16,2019,FALSE,2019-04-15 00:00:00
20190416,Tuesday,16,1,106,4,April,2,3,16,2019,FALSE,2019-04-16 00:00:00
20190417,Wednesday,17,2,107,4,April,2,3,16,2019,FALSE,2019-04-17 00:00:00
20190418,Thursday,18,3,108,4,April,2,3,16,2019,FALSE,2019-04-18 00:00:00
20190419,Friday,19,4,109,4,April,2,3,16,2019,FALSE,2019-04-19 00:00:00
20190420,Saturday,20,5,110,4,April,2,3,16,2019,FALSE,2019-04-20 00:00:00
20190421,Sunday,21,6,111,4,April,2,3,16,2019,FALSE,2019-04-21 00:00:00
20190422,Monday,22,0,112,4,April,2,4,17,2019,FALSE,2019-04-22 00:00:00
20190423,Tuesday,23,1,113,4,April,2,4,17,2019,FALSE,2019-04-23 00:00:00
20190424,Wednesday,24,2,114,4,April,2,4,17,2019,FALSE,2019-04-24 00:00:00
20190425,Thursday,25,3,115,4,April,2,4,17,2019,FALSE,2019-04-25 00:00:00
20190426,Friday,26,4,116,4,April,2,4,17,2019,FALSE,2019-04-26 00:00:00
20190427,Saturday,27,5,117,4,April,2,4,17,2019,FALSE,2019-04-27 00:00:00
20190428,Sunday,28,6,118,4,April,2,4,17,2019,FALSE,2019-04-28 00:00:00
20190429,Monday,29,0,119,4,April,2,5,18,2019,FALSE,2019-04-29 00:00:00
20190430,Tuesday,30,1,120,4,April,2,5,18,2019,FALSE,2019-04-30 00:00:00
20190501,Wednesday,1,2,121,5,May,2,1,18,2019,FALSE,2019-05-01 00:00:00
20190502,Thursday,2,3,122,5,May,2,1,18,2019,FALSE,2019-05-02 00:00:00
20190503,Friday,3,4,123,5,May,2,1,18,2019,FALSE,2019-05-03 00:00:00
20190504,Saturday,4,5,124,5,May,2,1,18,2019,FALSE,2019-05-04 00:00:00
20190505,Sunday,5,6,125,5,May,2,1,18,2019,FALSE,2019-05-05 00:00:00
20190506,Monday,6,0,126,5,May,2,2,19,2019,FALSE,2019-05-06 00:00:00
20190507,Tuesday,7,1,127,5,May,2,2,19,2019,FALSE,2019-05-07 00:00:00
20190508,Wednesday,8,2,128,5,May,2,2,19,2019,FALSE,2019-05-08 00:00:00
20190509,Thursday,9,3,129,5,May,2,2,19,2019,FALSE,2019-05-09 00:00:00
20190510,Friday,10,4,130,5,May,2,2,19,2019,FALSE,2019-05-10 00:00:00
20190511,Saturday,11,5,131,5,May,2,2,19,2019,FALSE,2019-05-11 00:00:00
20190512,Sunday,12,6,132,5,May,2,2,19,2019,FALSE,2019-05-12 00:00:00
20190513,Monday,13,0,133,5,May,2,3,20,2019,FALSE,2019-05-13 00:00:00
20190514,Tuesday,14,1,134,5,May,2,3,20,2019,FALSE,2019-05-14 00:00:00
20190515,Wednesday,15,2,135,5,May,2,3,20,2019,FALSE,2019-05-15 00:00:00
20190516,Thursday,16,3,136,5,May,2,3,20,2019,FALSE,2019-05-16 00:00:00
20190517,Friday,17,4,137,5,May,2,3,20,2019,FALSE,2019-05-17 00:00:00
20190518,Saturday,18,5,138,5,May,2,3,20,2019,FALSE,2019-05-18 00:00:00
20190519,Sunday,19,6,139,5,May,2,3,20,2019,FALSE,2019-05-19 00:00:00
20190520,Monday,20,0,140,5,May,2,4,21,2019,FALSE,2019-05-20 00:00:00
20190521,Tuesday,21,1,141,5,May,2,4,21,2019,FALSE,2019-05-21 00:00:00
20190522,Wednesday,22,2,142,5,May,2,4,21,2019,FALSE,2019-05-22 00:00:00
20190523,Thursday,23,3,143,5,May,2,4,21,2019,FALSE,2019-05-23 00:00:00
20190524,Friday,24,4,144,5,May,2,4,21,2019,FALSE,2019-05-24 00:00:00
20190525,Saturday,25,5,145,5,May,2,4,21,2019,FALSE,2019-05-25 00:00:00
20190526,Sunday,26,6,146,5,May,2,4,21,2019,FALSE,2019-05-26 00:00:00
20190527,Monday,27,0,147,5,May,2,5,22,2019,FALSE,2019-05-27 00:00:00
20190528,Tuesday,28,1,148,5,May,2,5,22,2019,FALSE,2019-05-28 00:00:00
20190529,Wednesday,29,2,149,5,May,2,5,22,2019,FALSE,2019-05-29 00:00:00
20190530,Thursday,30,3,150,5,May,2,5,22,2019,FALSE,2019-05-30 00:00:00
20190531,Friday,31,4,151,5,May,2,5,22,2019,FALSE,2019-05-31 00:00:00
20190601,Saturday,1,5,152,6,June,2,1,22,2019,FALSE,2019-06-01 00:00:00
20190602,Sunday,2,6,153,6,June,2,1,22,2019,FALSE,2019-06-02 00:00:00
20190603,Monday,3,0,154,6,June,2,2,23,2019,FALSE,2019-06-03 00:00:00
20190604,Tuesday,4,1,155,6,June,2,2,23,2019,FALSE,2019-06-04 00:00:00
20190605,Wednesday,5,2,156,6,June,2,2,23,2019,FALSE,2019-06-05 00:00:00
20190606,Thursday,6,3,157,6,June,2,2,23,2019,FALSE,2019-06-06 00:00:00
20190607,Friday,7,4,158,6,June,2,2,23,2019,FALSE,2019-06-07 00:00:00
20190608,Saturday,8,5,159,6,June,2,2,23,2019,FALSE,2019-06-08 00:00:00
20190609,Sunday,9,6,160,6,June,2,2,23,2019,FALSE,2019-06-09 00:00:00
20190610,Monday,10,0,161,6,June,2,3,24,2019,FALSE,2019-06-10 00:00:00
20190611,Tuesday,11,1,162,6,June,2,3,24,2019,FALSE,2019-06-11 00:00:00
20190612,Wednesday,12,2,163,6,June,2,3,24,2019,FALSE,2019-06-12 00:00:00
20190613,Thursday,13,3,164,6,June,2,3,24,2019,FALSE,2019-06-13 00:00:00
20190614,Friday,14,4,165,6,June,2,3,24,2019,FALSE,2019-06-14 00:00:00
20190615,Saturday,15,5,166,6,June,2,3,24,2019,FALSE,2019-06-15 00:00:00
20190616,Sunday,16,6,167,6,June,2,3,24,2019,FALSE,2019-06-16 00:00:00
20190617,Monday,17,0,168,6,June,2,4,25,2019,FALSE,2019-06-17 00:00:00
20190618,Tuesday,18,1,169,6,June,2,4,25,2019,FALSE,2019-06-18 00:00:00
20190619,Wednesday,19,2,170,6,June,2,4,25,2019,FALSE,2019-06-19 00:00:00
20190620,Thursday,20,3,171,6,June,2,4,25,2019,FALSE,2019-06-20 00:00:00
20190621,Friday,21,4,172,6,June,2,4,25,2019,FALSE,2019-06-21 00:00:00
20190622,Saturday,22,5,173,6,June,2,4,25,2019,FALSE,2019-06-22 00:00:00
20190623,Sunday,23,6,174,6,June,2,4,25,2019,FALSE,2019-06-23 00:00:00
20190624,Monday,24,0,175,6,June,2,5,26,2019,FALSE,2019-06-24 00:00:00
20190625,Tuesday,25,1,176,6,June,2,5,26,2019,FALSE,2019-06-25 00:00:00
20190626,Wednesday,26,2,177,6,June,2,5,26,2019,FALSE,2019-06-26 00:00:00
20190627,Thursday,27,3,178,6,June,2,5,26,2019,FALSE,2019-06-27 00:00:00
20190628,Friday,28,4,179,6,June,2,5,26,2019,FALSE,2019-06-28 00:00:00
20190629,Saturday,29,5,180,6,June,2,5,26,2019,FALSE,2019-06-29 00:00:00
20190630,Sunday,30,6,181,6,June,2,5,26,2019,FALSE,2019-06-30 00:00:00
20190701,Monday,1,0,182,7,July,3,1,27,2019,FALSE,2019-07-01 00:00:00
20190702,Tuesday,2,1,183,7,July,3,1,27,2019,FALSE,2019-07-02 00:00:00
20190703,Wednesday,3,2,184,7,July,3,1,27,2019,FALSE,2019-07-03 00:00:00
20190704,Thursday,4,3,185,7,July,3,1,27,2019,FALSE,2019-07-04 00:00:00
20190705,Friday,5,4,186,7,July,3,1,27,2019,FALSE,2019-07-05 00:00:00
20190706,Saturday,6,5,187,7,July,3,1,27,2019,FALSE,2019-07-06 00:00:00
20190707,Sunday,7,6,188,7,July,3,1,27,2019,FALSE,2019-07-07 00:00:00
20190708,Monday,8,0,189,7,July,3,2,28,2019,FALSE,2019-07-08 00:00:00
20190709,Tuesday,9,1,190,7,July,3,2,28,2019,FALSE,2019-07-09 00:00:00
20190710,Wednesday,10,2,191,7,July,3,2,28,2019,FALSE,2019-07-10 00:00:00
20190711,Thursday,11,3,192,7,July,3,2,28,2019,FALSE,2019-07-11 00:00:00
20190712,Friday,12,4,193,7,July,3,2,28,2019,FALSE,2019-07-12 00:00:00
20190713,Saturday,13,5,194,7,July,3,2,28,2019,FALSE,2019-07-13 00:00:00
20190714,Sunday,14,6,195,7,July,3,2,28,2019,FALSE,2019-07-14 00:00:00
20190715,Monday,15,0,196,7,July,3,3,29,2019,FALSE,2019-07-15 00:00:00
20190716,Tuesday,16,1,197,7,July,3,3,29,2019,FALSE,2019-07-16 00:00:00
20190717,Wednesday,17,2,198,7,July,3,3,29,2019,FALSE,2019-07-17 00:00:00
20190718,Thursday,18,3,199,7,July,3,3,29,2019,FALSE,2019-07-18 00:00:00
20190719,Friday,19,4,200,7,July,3,3,29,2019,FALSE,2019-07-19 00:00:00
20190720,Saturday,20,5,201,7,July,3,3,29,2019,FALSE,2019-07-20 00:00:00
20190721,Sunday,21,6,202,7,July,3,3,29,2019,FALSE,2019-07-21 00:00:00
20190722,Monday,22,0,203,7,July,3,4,30,2019,FALSE,2019-07-22 00:00:00
20190723,Tuesday,23,1,204,7,July,3,4,30,2019,FALSE,2019-07-23 00:00:00
20190724,Wednesday,24,2,205,7,July,3,4,30,2019,FALSE,2019-07-24 00:00:00
20190725,Thursday,25,3,206,7,July,3,4,30,2019,FALSE,2019-07-25 00:00:00
20190726,Friday,26,4,207,7,July,3,4,30,2019,FALSE,2019-07-26 00:00:00
20190727,Saturday,27,5,208,7,July,3,4,30,2019,FALSE,2019-07-27 00:00:00
20190728,Sunday,28,6,209,7,July,3,4,30,2019,FALSE,2019-07-28 00:00:00
20190729,Monday,29,0,210,7,July,3,5,31,2019,FALSE,2019-07-29 00:00:00
20190730,Tuesday,30,1,211,7,July,3,5,31,2019,FALSE,2019-07-30 00:00:00
20190731,Wednesday,31,2,212,7,July,3,5,31,2019,FALSE,2019-07-31 00:00:00
20190801,Thursday,1,3,213,8,August,3,1,31,2019,FALSE,2019-08-01 00:00:00
20190802,Friday,2,4,214,8,August,3,1,31,2019,FALSE,2019-08-02 00:00:00
20190803,Saturday,3,5,215,8,August,3,1,31,2019,FALSE,2019-08-03 00:00:00
20190804,Sunday,4,6,216,8,August,3,1,31,2019,FALSE,2019-08-04 00:00:00
20190805,Monday,5,0,217,8,August,3,2,32,2019,FALSE,2019-08-05 00:00:00
20190806,Tuesday,6,1,218,8,August,3,2,32,2019,FALSE,2019-08-06 00:00:00
20190807,Wednesday,7,2,219,8,August,3,2,32,2019,FALSE,2019-08-07 00:00:00
20190808,Thursday,8,3,220,8,August,3,2,32,2019,FALSE,2019-08-08 00:00:00
20190809,Friday,9,4,221,8,August,3,2,32,2019,FALSE,2019-08-09 00:00:00
20190810,Saturday,10,5,222,8,August,3,2,32,2019,FALSE,2019-08-10 00:00:00
20190811,Sunday,11,6,223,8,August,3,2,32,2019,FALSE,2019-08-11 00:00:00
20190812,Monday,12,0,224,8,August,3,3,33,2019,FALSE,2019-08-12 00:00:00
20190813,Tuesday,13,1,225,8,August,3,3,33,2019,FALSE,2019-08-13 00:00:00
20190814,Wednesday,14,2,226,8,August,3,3,33,2019,FALSE,2019-08-14 00:00:00
20190815,Thursday,15,3,227,8,August,3,3,33,2019,FALSE,2019-08-15 00:00:00
20190816,Friday,16,4,228,8,August,3,3,33,2019,FALSE,2019-08-16 00:00:00
20190817,Saturday,17,5,229,8,August,3,3,33,2019,FALSE,2019-08-17 00:00:00
20190818,Sunday,18,6,230,8,August,3,3,33,2019,FALSE,2019-08-18 00:00:00
20190819,Monday,19,0,231,8,August,3,4,34,2019,FALSE,2019-08-19 00:00:00
20190820,Tuesday,20,1,232,8,August,3,4,34,2019,FALSE,2019-08-20 00:00:00
20190821,Wednesday,21,2,233,8,August,3,4,34,2019,FALSE,2019-08-21 00:00:00
20190822,Thursday,22,3,234,8,August,3,4,34,2019,FALSE,2019-08-22 00:00:00
20190823,Friday,23,4,235,8,August,3,4,34,2019,FALSE,2019-08-23 00:00:00
20190824,Saturday,24,5,236,8,August,3,4,34,2019,FALSE,2019-08-24 00:00:00
20190825,Sunday,25,6,237,8,August,3,4,34,2019,FALSE,2019-08-25 00:00:00
20190826,Monday,26,0,238,8,August,3,5,35,2019,FALSE,2019-08-26 00:00:00
20190827,Tuesday,27,1,239,8,August,3,5,35,2019,FALSE,2019-08-27 00:00:00
20190828,Wednesday,28,2,240,8,August,3,5,35,2019,FALSE,2019-08-28 00:00:00
20190829,Thursday,29,3,241,8,August,3,5,35,2019,FALSE,2019-08-29 00:00:00
20190830,Friday,30,4,242,8,August,3,5,35,2019,FALSE,2019-08-30 00:00:00
20190831,Saturday,31,5,243,8,August,3,5,35,2019,FALSE,2019-08-31 00:00:00
20190901,Sunday,1,6,244,9,September,3,1,35,2019,FALSE,2019-09-01 00:00:00
20190902,Monday,2,0,245,9,September,3,2,36,2019,TRUE,2019-09-02 00:00:00
20190903,Tuesday,3,1,246,9,September,3,2,36,2019,TRUE,2019-09-03 00:00:00
20190904,Wednesday,4,2,247,9,September,3,2,36,2019,TRUE,2019-09-04 00:00:00
20190905,Thursday,5,3,248,9,September,3,2,36,2019,TRUE,2019-09-05 00:00:00
20190906,Friday,6,4,249,9,September,3,2,36,2019,TRUE,2019-09-06 00:00:00
20190907,Saturday,7,5,250,9,September,3,2,36,2019,TRUE,2019-09-07 00:00:00
20190908,Sunday,8,6,251,9,September,3,2,36,2019,TRUE,2019-09-08 00:00:00
20190909,Monday,9,0,252,9,September,3,3,37,2019,TRUE,2019-09-09 00:00:00
20190910,Tuesday,10,1,253,9,September,3,3,37,2019,TRUE,2019-09-10 00:00:00
20190911,Wednesday,11,2,254,9,September,3,3,37,2019,TRUE,2019-09-11 00:00:00
20190912,Thursday,12,3,255,9,September,3,3,37,2019,TRUE,2019-09-12 00:00:00
20190913,Friday,13,4,256,9,September,3,3,37,2019,TRUE,2019-09-13 00:00:00
20190914,Saturday,14,5,257,9,September,3,3,37,2019,TRUE,2019-09-14 00:00:00
20190915,Sunday,15,6,258,9,September,3,3,37,2019,TRUE,2019-09-15 00:00:00
20190916,Monday,16,0,259,9,September,3,4,38,2019,TRUE,2019-09-16 00:00:00
20190917,Tuesday,17,1,260,9,September,3,4,38,2019,TRUE,2019-09-17 00:00:00
20190918,Wednesday,18,2,261,9,September,3,4,38,2019,TRUE,2019-09-18 00:00:00
20190919,Thursday,19,3,262,9,September,3,4,38,2019,TRUE,2019-09-19 00:00:00
20190920,Friday,20,4,263,9,September,3,4,38,2019,TRUE,2019-09-20 00:00:00
20190921,Saturday,21,5,264,9,September,3,4,38,2019,TRUE,2019-09-21 00:00:00
20190922,Sunday,22,6,265,9,September,3,4,38,2019,TRUE,2019-09-22 00:00:00
20190923,Monday,23,0,266,9,September,3,5,39,2019,TRUE,2019-09-23 00:00:00
20190924,Tuesday,24,1,267,9,September,3,5,39,2019,TRUE,2019-09-24 00:00:00
20190925,Wednesday,25,2,268,9,September,3,5,39,2019,TRUE,2019-09-25 00:00:00
20190926,Thursday,26,3,269,9,September,3,5,39,2019,TRUE,2019-09-26 00:00:00
20190927,Friday,27,4,270,9,September,3,5,39,2019,TRUE,2019-09-27 00:00:00
20190928,Saturday,28,5,271,9,September,3,5,39,2019,TRUE,2019-09-28 00:00:00
20190929,Sunday,29,6,272,9,September,3,5,39,2019,TRUE,2019-09-29 00:00:00
20190930,Monday,30,0,273,9,September,3,6,40,2019,TRUE,2019-09-30 00:00:00
20191001,Tuesday,1,1,274,10,October,4,1,40,2019,TRUE,2019-10-01 00:00:00
20191002,Wednesday,2,2,275,10,October,4,1,40,2019,TRUE,2019-10-02 00:00:00
20191003,Thursday,3,3,276,10,October,4,1,40,2019,TRUE,2019-10-03 00:00:00
20191004,Friday,4,4,277,10,October,4,1,40,2019,TRUE,2019-10-04 00:00:00
20191005,Saturday,5,5,278,10,October,4,1,40,2019,TRUE,2019-10-05 00:00:00
20191006,Sunday,6,6,279,10,October,4,1,40,2019,TRUE,2019-10-06 00:00:00
20191007,Monday,7,0,280,10,October,4,2,41,2019,TRUE,2019-10-07 00:00:00
20191008,Tuesday,8,1,281,10,October,4,2,41,2019,TRUE,2019-10-08 00:00:00
20191009,Wednesday,9,2,282,10,October,4,2,41,2019,TRUE,2019-10-09 00:00:00
20191010,Thursday,10,3,283,10,October,4,2,41,2019,TRUE,2019-10-10 00:00:00
20191011,Friday,11,4,284,10,October,4,2,41,2019,TRUE,2019-10-11 00:00:00
20191012,Saturday,12,5,285,10,October,4,2,41,2019,TRUE,2019-10-12 00:00:00
20191013,Sunday,13,6,286,10,October,4,2,41,2019,TRUE,2019-10-13 00:00:00
20191014,Monday,14,0,287,10,October,4,3,42,2019,TRUE,2019-10-14 00:00:00
20191015,Tuesday,15,1,288,10,October,4,3,42,2019,TRUE,2019-10-15 00:00:00
20191016,Wednesday,16,2,289,10,October,4,3,42,2019,TRUE,2019-10-16 00:00:00
20191017,Thursday,17,3,290,10,October,4,3,42,2019,TRUE,2019-10-17 00:00:00
20191018,Friday,18,4,291,10,October,4,3,42,2019,TRUE,2019-10-18 00:00:00
20191019,Saturday,19,5,292,10,October,4,3,42,2019,TRUE,2019-10-19 00:00:00
20191020,Sunday,20,6,293,10,October,4,3,42,2019,TRUE,2019-10-20 00:00:00
20191021,Monday,21,0,294,10,October,4,4,43,2019,TRUE,2019-10-21 00:00:00
20191022,Tuesday,22,1,295,10,October,4,4,43,2019,TRUE,2019-10-22 00:00:00
20191023,Wednesday,23,2,296,10,October,4,4,43,2019,TRUE,2019-10-23 00:00:00
20191024,Thursday,24,3,297,10,October,4,4,43,2019,TRUE,2019-10-24 00:00:00
20191025,Friday,25,4,298,10,October,4,4,43,2019,TRUE,2019-10-25 00:00:00
20191026,Saturday,26,5,299,10,October,4,4,43,2019,TRUE,2019-10-26 00:00:00
20191027,Sunday,27,6,300,10,October,4,4,43,2019,TRUE,2019-10-27 00:00:00
20191028,Monday,28,0,301,10,October,4,5,44,2019,TRUE,2019-10-28 00:00:00
20191029,Tuesday,29,1,302,10,October,4,5,44,2019,TRUE,2019-10-29 00:00:00
20191030,Wednesday,30,2,303,10,October,4,5,44,2019,TRUE,2019-10-30 00:00:00
20191031,Thursday,31,3,304,10,October,4,5,44,2019,TRUE,2019-10-31 00:00:00
20191101,Friday,1,4,305,11,November,4,1,44,2019,TRUE,2019-11-01 00:00:00
20191102,Saturday,2,5,306,11,November,4,1,44,2019,TRUE,2019-11-02 00:00:00
20191103,Sunday,3,6,307,11,November,4,1,44,2019,TRUE,2019-11-03 00:00:00
20191104,Monday,4,0,308,11,November,4,2,45,2019,TRUE,2019-11-04 00:00:00
20191105,Tuesday,5,1,309,11,November,4,2,45,2019,TRUE,2019-11-05 00:00:00
20191106,Wednesday,6,2,310,11,November,4,2,45,2019,TRUE,2019-11-06 00:00:00
20191107,Thursday,7,3,311,11,November,4,2,45,2019,TRUE,2019-11-07 00:00:00
20191108,Friday,8,4,312,11,November,4,2,45,2019,TRUE,2019-11-08 00:00:00
20191109,Saturday,9,5,313,11,November,4,2,45,2019,TRUE,2019-11-09 00:00:00
20191110,Sunday,10,6,314,11,November,4,2,45,2019,TRUE,2019-11-10 00:00:00
20191111,Monday,11,0,315,11,November,4,3,46,2019,TRUE,2019-11-11 00:00:00
20191112,Tuesday,12,1,316,11,November,4,3,46,2019,TRUE,2019-11-12 00:00:00
20191113,Wednesday,13,2,317,11,November,4,3,46,2019,TRUE,2019-11-13 00:00:00
20191114,Thursday,14,3,318,11,November,4,3,46,2019,TRUE,2019-11-14 00:00:00
20191115,Friday,15,4,319,11,November,4,3,46,2019,TRUE,2019-11-15 00:00:00
20191116,Saturday,16,5,320,11,November,4,3,46,2019,TRUE,2019-11-16 00:00:00
20191117,Sunday,17,6,321,11,November,4,3,46,2019,TRUE,2019-11-17 00:00:00
20191118,Monday,18,0,322,11,November,4,4,47,2019,TRUE,2019-11-18 00:00:00
20191119,Tuesday,19,1,323,11,November,4,4,47,2019,TRUE,2019-11-19 00:00:00
20191120,Wednesday,20,2,324,11,November,4,4,47,2019,TRUE,2019-11-20 00:00:00
20191121,Thursday,21,3,325,11,November,4,4,47,2019,TRUE,2019-11-21 00:00:00
20191122,Friday,22,4,326,11,November,4,4,47,2019,TRUE,2019-11-22 00:00:00
20191123,Saturday,23,5,327,11,November,4,4,47,2019,TRUE,2019-11-23 00:00:00
20191124,Sunday,24,6,328,11,November,4,4,47,2019,TRUE,2019-11-24 00:00:00
20191125,Monday,25,0,329,11,November,4,5,48,2019,TRUE,2019-11-25 00:00:00
20191126,Tuesday,26,1,330,11,November,4,5,48,2019,TRUE,2019-11-26 00:00:00
20191127,Wednesday,27,2,331,11,November,4,5,48,2019,TRUE,2019-11-27 00:00:00
20191128,Thursday,28,3,332,11,November,4,5,48,2019,TRUE,2019-11-28 00:00:00
20191129,Friday,29,4,333,11,November,4,5,48,2019,TRUE,2019-11-29 00:00:00
20191130,Saturday,30,5,334,11,November,4,5,48,2019,TRUE,2019-11-30 00:00:00
20191201,Sunday,1,6,335,12,December,4,1,48,2019,TRUE,2019-12-01 00:00:00
20191202,Monday,2,0,336,12,December,4,2,49,2019,TRUE,2019-12-02 00:00:00
20191203,Tuesday,3,1,337,12,December,4,2,49,2019,TRUE,2019-12-03 00:00:00
20191204,Wednesday,4,2,338,12,December,4,2,49,2019,TRUE,2019-12-04 00:00:00
20191205,Thursday,5,3,339,12,December,4,2,49,2019,TRUE,2019-12-05 00:00:00
20191206,Friday,6,4,340,12,December,4,2,49,2019,TRUE,2019-12-06 00:00:00
20191207,Saturday,7,5,341,12,December,4,2,49,2019,TRUE,2019-12-07 00:00:00
20191208,Sunday,8,6,342,12,December,4,2,49,2019,TRUE,2019-12-08 00:00:00
20191209,Monday,9,0,343,12,December,4,3,50,2019,TRUE,2019-12-09 00:00:00
20191210,Tuesday,10,1,344,12,December,4,3,50,2019,TRUE,2019-12-10 00:00:00
20191211,Wednesday,11,2,345,12,December,4,3,50,2019,TRUE,2019-12-11 00:00:00
20191212,Thursday,12,3,346,12,December,4,3,50,2019,TRUE,2019-12-12 00:00:00
20191213,Friday,13,4,347,12,December,4,3,50,2019,TRUE,2019-12-13 00:00:00
20191214,Saturday,14,5,348,12,December,4,3,50,2019,TRUE,2019-12-14 00:00:00
20191215,Sunday,15,6,349,12,December,4,3,50,2019,TRUE,2019-12-15 00:00:00
20191216,Monday,16,0,350,12,December,4,4,51,2019,TRUE,2019-12-16 00:00:00
20191217,Tuesday,17,1,351,12,December,4,4,51,2019,TRUE,2019-12-17 00:00:00
20191218,Wednesday,18,2,352,12,December,4,4,51,2019,TRUE,2019-12-18 00:00:00
20191219,Thursday,19,3,353,12,December,4,4,51,2019,TRUE,2019-12-19 00:00:00
20191220,Friday,20,4,354,12,December,4,4,51,2019,TRUE,2019-12-20 00:00:00
20191221,Saturday,21,5,355,12,December,4,4,51,2019,TRUE,2019-12-21 00:00:00
20191222,Sunday,22,6,356,12,December,4,4,51,2019,TRUE,2019-12-22 00:00:00
20191223,Monday,23,0,357,12,December,4,5,52,2019,TRUE,2019-12-23 00:00:00
20191224,Tuesday,24,1,358,12,December,4,5,52,2019,TRUE,2019-12-24 00:00:00
20191225,Wednesday,25,2,359,12,December,4,5,52,2019,TRUE,2019-12-25 00:00:00
20191226,Thursday,26,3,360,12,December,4,5,52,2019,TRUE,2019-12-26 00:00:00
20191227,Friday,27,4,361,12,December,4,5,52,2019,TRUE,2019-12-27 00:00:00
20191228,Saturday,28,5,362,12,December,4,5,52,2019,TRUE,2019-12-28 00:00:00
20191229,Sunday,29,6,363,12,December,4,5,52,2019,TRUE,2019-12-29 00:00:00
20191230,Monday,30,0,364,12,December,4,6,53,2019,TRUE,2019-12-30 00:00:00
20191231,Tuesday,31,1,365,12,December,4,6,53,2019,TRUE,2019-12-31 00:00:00
20200101,Wednesday,1,2,1,1,January,1,1,1,2020,TRUE,2020-01-01 00:00:00
20200102,Thursday,2,3,2,1,January,1,1,1,2020,TRUE,2020-01-02 00:00:00
20200103,Friday,3,4,3,1,January,1,1,1,2020,TRUE,2020-01-03 00:00:00
20200104,Saturday,4,5,4,1,January,1,1,1,2020,TRUE,2020-01-04 00:00:00
20200105,Sunday,5,6,5,1,January,1,1,1,2020,TRUE,2020-01-05 00:00:00
20200106,Monday,6,0,6,1,January,1,2,2,2020,TRUE,2020-01-06 00:00:00
20200107,Tuesday,7,1,7,1,January,1,2,2,2020,TRUE,2020-01-07 00:00:00
20200108,Wednesday,8,2,8,1,January,1,2,2,2020,TRUE,2020-01-08 00:00:00
20200109,Thursday,9,3,9,1,January,1,2,2,2020,TRUE,2020-01-09 00:00:00
20200110,Friday,10,4,10,1,January,1,2,2,2020,TRUE,2020-01-10 00:00:00
20200111,Saturday,11,5,11,1,January,1,2,2,2020,TRUE,2020-01-11 00:00:00
20200112,Sunday,12,6,12,1,January,1,2,2,2020,TRUE,2020-01-12 00:00:00
20200113,Monday,13,0,13,1,January,1,3,3,2020,TRUE,2020-01-13 00:00:00
20200114,Tuesday,14,1,14,1,January,1,3,3,2020,TRUE,2020-01-14 00:00:00
20200115,Wednesday,15,2,15,1,January,1,3,3,2020,TRUE,2020-01-15 00:00:00
20200116,Thursday,16,3,16,1,January,1,3,3,2020,TRUE,2020-01-16 00:00:00
20200117,Friday,17,4,17,1,January,1,3,3,2020,TRUE,2020-01-17 00:00:00
20200118,Saturday,18,5,18,1,January,1,3,3,2020,TRUE,2020-01-18 00:00:00
20200119,Sunday,19,6,19,1,January,1,3,3,2020,TRUE,2020-01-19 00:00:00
20200120,Monday,20,0,20,1,January,1,4,4,2020,TRUE,2020-01-20 00:00:00
20200121,Tuesday,21,1,21,1,January,1,4,4,2020,TRUE,2020-01-21 00:00:00
20200122,Wednesday,22,2,22,1,January,1,4,4,2020,TRUE,2020-01-22 00:00:00
20200123,Thursday,23,3,23,1,January,1,4,4,2020,TRUE,2020-01-23 00:00:00
20200124,Friday,24,4,24,1,January,1,4,4,2020,TRUE,2020-01-24 00:00:00
20200125,Saturday,25,5,25,1,January,1,4,4,2020,TRUE,2020-01-25 00:00:00
20200126,Sunday,26,6,26,1,January,1,4,4,2020,TRUE,2020-01-26 00:00:00
20200127,Monday,27,0,27,1,January,1,5,5,2020,TRUE,2020-01-27 00:00:00
20200128,Tuesday,28,1,28,1,January,1,5,5,2020,TRUE,2020-01-28 00:00:00
20200129,Wednesday,29,2,29,1,January,1,5,5,2020,TRUE,2020-01-29 00:00:00
20200130,Thursday,30,3,30,1,January,1,5,5,2020,TRUE,2020-01-30 00:00:00
20200131,Friday,31,4,31,1,January,1,5,5,2020,TRUE,2020-01-31 00:00:00
20200201,Saturday,1,5,32,2,February,1,1,5,2020,TRUE,2020-02-01 00:00:00
20200202,Sunday,2,6,33,2,February,1,1,5,2020,TRUE,2020-02-02 00:00:00
20200203,Monday,3,0,34,2,February,1,2,6,2020,TRUE,2020-02-03 00:00:00
20200204,Tuesday,4,1,35,2,February,1,2,6,2020,TRUE,2020-02-04 00:00:00
20200205,Wednesday,5,2,36,2,February,1,2,6,2020,TRUE,2020-02-05 00:00:00
20200206,Thursday,6,3,37,2,February,1,2,6,2020,TRUE,2020-02-06 00:00:00
20200207,Friday,7,4,38,2,February,1,2,6,2020,TRUE,2020-02-07 00:00:00
20200208,Saturday,8,5,39,2,February,1,2,6,2020,TRUE,2020-02-08 00:00:00
20200209,Sunday,9,6,40,2,February,1,2,6,2020,TRUE,2020-02-09 00:00:00
20200210,Monday,10,0,41,2,February,1,3,7,2020,TRUE,2020-02-10 00:00:00
20200211,Tuesday,11,1,42,2,February,1,3,7,2020,TRUE,2020-02-11 00:00:00
20200212,Wednesday,12,2,43,2,February,1,3,7,2020,TRUE,2020-02-12 00:00:00
20200213,Thursday,13,3,44,2,February,1,3,7,2020,TRUE,2020-02-13 00:00:00
20200214,Friday,14,4,45,2,February,1,3,7,2020,TRUE,2020-02-14 00:00:00
20200215,Saturday,15,5,46,2,February,1,3,7,2020,TRUE,2020-02-15 00:00:00
20200216,Sunday,16,6,47,2,February,1,3,7,2020,TRUE,2020-02-16 00:00:00
20200217,Monday,17,0,48,2,February,1,4,8,2020,TRUE,2020-02-17 00:00:00
20200218,Tuesday,18,1,49,2,February,1,4,8,2020,TRUE,2020-02-18 00:00:00
20200219,Wednesday,19,2,50,2,February,1,4,8,2020,TRUE,2020-02-19 00:00:00
20200220,Thursday,20,3,51,2,February,1,4,8,2020,TRUE,2020-02-20 00:00:00
20200221,Friday,21,4,52,2,February,1,4,8,2020,TRUE,2020-02-21 00:00:00
20200222,Saturday,22,5,53,2,February,1,4,8,2020,TRUE,2020-02-22 00:00:00
20200223,Sunday,23,6,54,2,February,1,4,8,2020,TRUE,2020-02-23 00:00:00
20200224,Monday,24,0,55,2,February,1,5,9,2020,TRUE,2020-02-24 00:00:00
20200225,Tuesday,25,1,56,2,February,1,5,9,2020,TRUE,2020-02-25 00:00:00
20200226,Wednesday,26,2,57,2,February,1,5,9,2020,TRUE,2020-02-26 00:00:00
20200227,Thursday,27,3,58,2,February,1,5,9,2020,TRUE,2020-02-27 00:00:00
20200228,Friday,28,4,59,2,February,1,5,9,2020,TRUE,2020-02-28 00:00:00
20200229,Saturday,29,5,60,2,February,1,5,9,2020,TRUE,2020-02-29 00:00:00
